month,ars_per_usd,try_per_usd,eth_usd,btc_usd,ars_depreciation,try_depreciation,eth_return,btc_return
2020-01-01,60.0024921739,5.92583913043,156.451528338,8365.73593209,,,,
2020-02-01,61.39762,6.06259,239.191380564,9646.19281581,0.023251164669,0.0230770472426,0.528852949572,0.15305968227
2020-03-01,63.2400513636,6.33575454545,160.421076526,6885.03726461,0.0300081886503,0.04505740046,-0.329319157958,-0.2862430395
2020-04-01,65.707095,6.85031363636,171.642665698,7224.3477041,0.0390107785046,0.0812151239789,0.0699508407233,0.0492822952809
2020-05-01,67.7045166667,6.93194285714,207.700959415,9264.66814319,0.0303988734651,0.0119161289705,0.210077684183,0.282422790631
2020-06-01,69.5331754545,6.81627727273,235.848182675,9478.76256192,0.0270094061358,-0.0166858825584,0.135518022347,0.0231086980581
2020-07-01,71.4280382609,6.86516086957,259.633300933,9597.27600895,0.0272512048233,0.00717159746913,0.100849275108,0.0125030505041
2020-08-01,73.2864238095,7.26222857143,401.850090283,11648.2099516,0.0260175918855,0.0578380768357,0.547760201941,0.213699589416
2020-09-01,75.1986304545,7.53394090909,367.936438547,10647.1936405,0.0260922357187,0.0374144568695,-0.0843937890183,-0.0859373513339
2020-10-01,77.5606763636,7.91751363636,376.109616046,11895.1266099,0.0314107570153,0.0509126275214,0.0222135582214,0.11720768979
2020-11-01,79.9183261905,7.9858047619,486.974967984,16670.6274451,0.030397489261,0.00862532465084,0.294768724881,0.401467003407
2020-12-01,82.6819521739,7.71192173913,623.036067572,21995.8736749,0.0345806289392,-0.0342962332464,0.27940060277,0.319438860195
2021-01-01,85.8864219048,7.3972047619,1202.37813384,34752.8585648,0.0387565804459,-0.040809150802,0.929869226555,0.579971729168
2021-02-01,88.662742,7.08122,1700.90684531,46316.1219877,0.0323254832797,-0.042716779118,0.414618910174,0.332728411432
2021-03-01,91.0899926087,7.67666956522,1734.86897044,54933.49141,0.0273762186229,0.0840885560987,0.0199670694638,0.186055504055
2021-04-01,92.7863581818,8.16326363636,2295.06589421,57105.4560939,0.0186229631219,0.0633860904149,0.322904457518,0.0395380782853
2021-05-01,94.1214261905,8.35656666667,3146.74761522,46507.3503399,0.0143886238755,0.0236796260557,0.371092491573,-0.185588321658
2021-06-01,95.2609086364,8.61266363636,2331.96326805,35811.8138231,0.0121065148713,0.0306461947726,-0.258929042554,-0.2299751854
2021-07-01,96.2250009091,8.58980454545,2130.1261054,34412.2759858,0.0101205445815,-0.00265412558463,-0.086552462215,-0.0390803393601
2021-08-01,97.2072718182,8.47377727273,3101.05240382,45746.961643,0.0102080633911,-0.0135075567917,0.455806957136,0.329379133829
2021-09-01,98.2824995455,8.54566818182,3332.90337046,45927.4613484,0.0110611861352,0.0084839271528,0.0747652527086,0.0039456107889
2021-10-01,99.2221428571,9.19318095238,3817.66474811,57915.4673061,0.00956063710258,0.0757708767514,0.145447174361,0.261020435393
2021-11-01,100.318864545,10.6900272727,4442.73221378,60684.5506621,0.0110531949496,0.162821370329,0.163730318642,0.0478125013026
2021-12-01,101.921304348,13.5576652174,4051.20882673,49356.9545744,0.0159734643093,0.268253566759,-0.0881267130709,-0.186663590059
2022-01-01,103.985238095,13.5348857143,3055.03165611,41113.1496632,0.0202502681909,-0.00168019365727,-0.245896277685,-0.167024180934
2022-02-01,106.3645,13.654775,2868.38001252,40756.4100804,0.0228807660428,0.00885779815546,-0.0610964679256,-0.00867701904995
2022-03-01,109.398913043,14.613926087,2877.01006797,41973.9229066,0.0285284379984,0.0702429067456,0.0030086862294,0.0298729162789
2022-04-01,113.304047619,14.7038571429,3098.08383574,41441.3370125,0.0356962831433,0.00615379162078,0.0768414995243,-0.0126884945973
2022-05-01,117.850681818,15.6099045455,2188.63877302,31706.7867881,0.0401277297208,0.0616197092909,-0.293550823971,-0.234899521255
2022-06-01,122.758863636,16.9924409091,1380.87750071,24352.5844246,0.0416474622162,0.0885678935198,-0.369070164649,-0.231944107507
2022-07-01,128.452142857,17.453047619,1360.74935496,21545.1804866,0.0463777445647,0.0271065653499,-0.0145763441989,-0.115281560636
2022-08-01,135.269782609,18.0305869565,1699.13925464,22362.4174639,0.0530753290674,0.0330910308664,0.248679081453,0.0379313126578
2022-09-01,143.4175,18.3137818182,1483.77776647,19792.8698843,0.0602330929656,0.0157063584421,-0.126747403184,-0.114904731735
2022-10-01,152.262857143,18.5848095238,1367.57993447,19647.7169051,0.0616755775471,0.0147991118557,-0.0783121533604,-0.00733359942418
2022-11-01,162.173863636,18.6089363636,1296.8411401,17579.6067067,0.0650914259688,0.00129820215784,-0.0517255281244,-0.105259568244
2022-12-01,172.623409091,18.6573409091,1236.23427036,16937.1635654,0.064434214122,0.00260114519759,-0.0467342281735,-0.0365447960236
2023-01-01,182.244772727,18.7785545455,1466.12339314,20239.8657736,0.0557361466039,0.00649683344235,0.185959189366,0.194997361598
2023-02-01,192.02075,18.84412,1624.57278171,23303.3955671,0.0536420174166,0.00349150699468,0.108073706012,0.151361171451
2023-03-01,205.18,18.9989478261,1675.85992642,25123.1823046,0.0685303541414,0.00821624072055,0.0315696195921,0.0780910546786
2023-04-01,216.027,19.33725,1917.65165443,28855.5913573,0.0528657763915,0.0178063636476,0.144279199111,0.148564342185
2023-05-01,230.651956522,19.7477434783,1846.95642778,27516.2654912,0.0676996695864,0.0212281207649,-0.0368655206416,-0.046414777969
2023-06-01,248.109090909,23.6965045455,1818.46042678,27760.8931405,0.0756860451158,0.199960115521,-0.0154286265642,0.00889029252087
2023-07-01,265.580890476,26.4994,1892.91978489,30050.3455777,0.070419828242,0.118283076273,0.0409463725571,0.0824704171286
