rate_rule,mechanism,distribution,paths,probability_any_liquidation,expected_liquidated_exposure_share,position_liquidation_probability,breach_exposure_share,executed_by_month12_share,pending_at_month12_share,terminal_undercollateralized_share,terminal_undercollateralized_debt_ratio,mean_bad_debt_ratio,bad_debt_cvar_99,bad_debt_var_99,mc_se_bad_debt,bad_debt_per_liquidated_debt,financing_effect_all,financing_effect_survivors,financing_effect_liquidated,survivor_exposure_share,mean_penalty_ratio,reserve_breach_10pct,accounting_capital_deficit_probability,mean_final_accounting_equity_ratio,currency,collateral,window_start
adaptive_75,timely,base,1,0,0,0,0,0,0,0,0,0,0,0,0,,-0.0230048828518,-0.0230048828518,,1,0,0,0,0.424378827147,ARS,ETH,2020-02-01
adaptive_75,delay_only,base,1,0,0,0,0,0,0,0,0,0,0,0,0,,-0.0230048828518,-0.0230048828518,,1,0,0,0,0.424378827147,ARS,ETH,2020-02-01
adaptive_75,haircut_only,base,1,0,0,0,0,0,0,0,0,0,0,0,0,,-0.0230048828518,-0.0230048828518,,1,0,0,0,0.424378827147,ARS,ETH,2020-02-01
adaptive_75,delayed_stress,base,1,0,0,0,0,0,0,0,0,0,0,0,0,,-0.0230048828518,-0.0230048828518,,1,0,0,0,0.424378827147,ARS,ETH,2020-02-01
adaptive_75,timely,base,1,1,0.996666600444,0.996666600444,0.996666600444,0.996666600444,0,0,0,0.104767409357,0.104767409357,0.104767409357,0,0.106497249894,-0.228050294485,-0.0328984394112,-0.228702989284,0.00333339955555,0.00354409050522,1,0,0.0160385781701,ARS,ETH,2020-03-01
adaptive_75,delay_only,base,1,1,0.996666600444,0.996666600444,0.996666600444,0.996666600444,0,0,0,0.0545110771369,0.0545110771369,0.0545110771369,0,0.055628435057,-0.313385121316,-0.0328984394112,-0.314323222564,0.00333339955555,0.018537288367,0,0,0.11377577101,ARS,ETH,2020-03-01
adaptive_75,haircut_only,base,1,1,0.996666600444,0.996666600444,0.996666600444,0.996666600444,0,0,0,0.127652080385,0.127652080385,0.127652080385,0,0.12975977537,-0.228050294485,-0.0328984394112,-0.228702989284,0.00333339955555,0.00112019586773,1,1,-0.00926998749569,ARS,ETH,2020-03-01
adaptive_75,delayed_stress,base,1,1,0.996666600444,0.996666600444,0.996666600444,0.996666600444,0,0,0,0.073440759896,0.073440759896,0.073440759896,0,0.0749461349324,-0.313712599869,-0.0328984394112,-0.314651796384,0.00333339955555,0.0107155285668,0,0,0.0870243284509,ARS,ETH,2020-03-01
adaptive_75,timely,base,1,0,0,0,0,0,0,0,0,0,0,0,0,,-0.0478557449682,-0.0478557449682,,1,0,0,0,0.453596699023,ARS,ETH,2020-04-01
adaptive_75,delay_only,base,1,0,0,0,0,0,0,0,0,0,0,0,0,,-0.0478557449682,-0.0478557449682,,1,0,0,0,0.453596699023,ARS,ETH,2020-04-01
adaptive_75,haircut_only,base,1,0,0,0,0,0,0,0,0,0,0,0,0,,-0.0478557449682,-0.0478557449682,,1,0,0,0,0.453596699023,ARS,ETH,2020-04-01
adaptive_75,delayed_stress,base,1,0,0,0,0,0,0,0,0,0,0,0,0,,-0.0478557449682,-0.0478557449682,,1,0,0,0,0.453596699023,ARS,ETH,2020-04-01
adaptive_75,timely,base,1,0,0,0,0,0,0,0,0,0,0,0,0,,-0.0534920105541,-0.0534920105541,,1,0,0,0,0.445337317477,ARS,ETH,2020-05-01
adaptive_75,delay_only,base,1,0,0,0,0,0,0,0,0,0,0,0,0,,-0.0534920105541,-0.0534920105541,,1,0,0,0,0.445337317477,ARS,ETH,2020-05-01
adaptive_75,haircut_only,base,1,0,0,0,0,0,0,0,0,0,0,0,0,,-0.0534920105541,-0.0534920105541,,1,0,0,0,0.445337317477,ARS,ETH,2020-05-01
adaptive_75,delayed_stress,base,1,0,0,0,0,0,0,0,0,0,0,0,0,,-0.0534920105541,-0.0534920105541,,1,0,0,0,0.445337317477,ARS,ETH,2020-05-01
adaptive_75,timely,base,1,0,0,0,0,0,0,0,0,0,0,0,0,,-0.0626778448844,-0.0626778448844,,1,0,0,0,0.44334623882,ARS,ETH,2020-06-01
adaptive_75,delay_only,base,1,0,0,0,0,0,0,0,0,0,0,0,0,,-0.0626778448844,-0.0626778448844,,1,0,0,0,0.44334623882,ARS,ETH,2020-06-01
adaptive_75,haircut_only,base,1,0,0,0,0,0,0,0,0,0,0,0,0,,-0.0626778448844,-0.0626778448844,,1,0,0,0,0.44334623882,ARS,ETH,2020-06-01
adaptive_75,delayed_stress,base,1,0,0,0,0,0,0,0,0,0,0,0,0,,-0.0626778448844,-0.0626778448844,,1,0,0,0,0.44334623882,ARS,ETH,2020-06-01
adaptive_75,timely,base,1,0,0,0,0,0,0,0,0,0,0,0,0,,-0.0713389447576,-0.0713389447576,,1,0,0,0,0.441415448857,ARS,ETH,2020-07-01
adaptive_75,delay_only,base,1,0,0,0,0,0,0,0,0,0,0,0,0,,-0.0713389447576,-0.0713389447576,,1,0,0,0,0.441415448857,ARS,ETH,2020-07-01
adaptive_75,haircut_only,base,1,0,0,0,0,0,0,0,0,0,0,0,0,,-0.0713389447576,-0.0713389447576,,1,0,0,0,0.441415448857,ARS,ETH,2020-07-01
adaptive_75,delayed_stress,base,1,0,0,0,0,0,0,0,0,0,0,0,0,,-0.0713389447576,-0.0713389447576,,1,0,0,0,0.441415448857,ARS,ETH,2020-07-01
adaptive_75,timely,base,1,0,0,0,0,0,0,0,0,0,0,0,0,,-0.0762683246832,-0.0762683246832,,1,0,0,0,0.433966037481,ARS,ETH,2020-08-01
adaptive_75,delay_only,base,1,0,0,0,0,0,0,0,0,0,0,0,0,,-0.0762683246832,-0.0762683246832,,1,0,0,0,0.433966037481,ARS,ETH,2020-08-01
adaptive_75,haircut_only,base,1,0,0,0,0,0,0,0,0,0,0,0,0,,-0.0762683246832,-0.0762683246832,,1,0,0,0,0.433966037481,ARS,ETH,2020-08-01
adaptive_75,delayed_stress,base,1,0,0,0,0,0,0,0,0,0,0,0,0,,-0.0762683246832,-0.0762683246832,,1,0,0,0,0.433966037481,ARS,ETH,2020-08-01
adaptive_75,timely,base,1,1,0.0666667244444,0.0666667244444,0.0666667244444,0.0666667244444,0,0,0,0,0,0,0,0,-0.0921566757087,-0.0805811368634,-0.254214069061,0.933333275556,0.00858706307356,0,0,0.414554422524,ARS,ETH,2020-09-01
adaptive_75,delay_only,base,1,1,0.0666667244444,0.0666667244444,0.0666667244444,0.0666667244444,0,0,0,0,0,0,0,0,-0.0923241027439,-0.0805811368634,-0.256725472412,0.933333275556,0.00858339384114,0,0,0.416501180629,ARS,ETH,2020-09-01
adaptive_75,haircut_only,base,1,1,0.0666667244444,0.0666667244444,0.0666667244444,0.0666667244444,0,0,0,0,0,0,0,0,-0.0988863868714,-0.0805811368634,-0.355159649015,0.933333275556,0.00858706307356,0,0,0.414554422524,ARS,ETH,2020-09-01
adaptive_75,delayed_stress,base,1,1,0.0666667244444,0.0666667244444,0.0666667244444,0.0666667244444,0,0,0,0,0,0,0,0,-0.0992033047373,-0.0805811368634,-0.359913412884,0.933333275556,0.00858339384114,0,0,0.416501180629,ARS,ETH,2020-09-01
adaptive_75,timely,base,1,0,0,0,0,0,0,0,0,0,0,0,0,,-0.0863701680553,-0.0863701680553,,1,0,0,0,0.421242797442,ARS,ETH,2020-10-01
adaptive_75,delay_only,base,1,0,0,0,0,0,0,0,0,0,0,0,0,,-0.0863701680553,-0.0863701680553,,1,0,0,0,0.421242797442,ARS,ETH,2020-10-01
adaptive_75,haircut_only,base,1,0,0,0,0,0,0,0,0,0,0,0,0,,-0.0863701680553,-0.0863701680553,,1,0,0,0,0.421242797442,ARS,ETH,2020-10-01
adaptive_75,delayed_stress,base,1,0,0,0,0,0,0,0,0,0,0,0,0,,-0.0863701680553,-0.0863701680553,,1,0,0,0,0.421242797442,ARS,ETH,2020-10-01
adaptive_75,timely,base,1,0,0,0,0,0,0,0,0,0,0,0,0,,-0.0885547490204,-0.0885547490204,,1,0,0,0,0.406867575873,ARS,ETH,2020-11-01
adaptive_75,delay_only,base,1,0,0,0,0,0,0,0,0,0,0,0,0,,-0.0885547490204,-0.0885547490204,,1,0,0,0,0.406867575873,ARS,ETH,2020-11-01
adaptive_75,haircut_only,base,1,0,0,0,0,0,0,0,0,0,0,0,0,,-0.0885547490204,-0.0885547490204,,1,0,0,0,0.406867575873,ARS,ETH,2020-11-01
adaptive_75,delayed_stress,base,1,0,0,0,0,0,0,0,0,0,0,0,0,,-0.0885547490204,-0.0885547490204,,1,0,0,0,0.406867575873,ARS,ETH,2020-11-01
adaptive_75,timely,base,1,0,0,0,0,0,0,0,0,0,0,0,0,,-0.0939598303623,-0.0939598303623,,1,0,0,0,0.397316780697,ARS,ETH,2020-12-01
adaptive_75,delay_only,base,1,0,0,0,0,0,0,0,0,0,0,0,0,,-0.0939598303623,-0.0939598303623,,1,0,0,0,0.397316780697,ARS,ETH,2020-12-01
adaptive_75,haircut_only,base,1,0,0,0,0,0,0,0,0,0,0,0,0,,-0.0939598303623,-0.0939598303623,,1,0,0,0,0.397316780697,ARS,ETH,2020-12-01
adaptive_75,delayed_stress,base,1,0,0,0,0,0,0,0,0,0,0,0,0,,-0.0939598303623,-0.0939598303623,,1,0,0,0,0.397316780697,ARS,ETH,2020-12-01
adaptive_75,timely,base,1,0,0,0,0,0,0,0,0,0,0,0,0,,-0.0920890237827,-0.0920890237827,,1,0,0,0,0.380855761974,ARS,ETH,2021-01-01
adaptive_75,delay_only,base,1,0,0,0,0,0,0,0,0,0,0,0,0,,-0.0920890237827,-0.0920890237827,,1,0,0,0,0.380855761974,ARS,ETH,2021-01-01
adaptive_75,haircut_only,base,1,0,0,0,0,0,0,0,0,0,0,0,0,,-0.0920890237827,-0.0920890237827,,1,0,0,0,0.380855761974,ARS,ETH,2021-01-01
adaptive_75,delayed_stress,base,1,0,0,0,0,0,0,0,0,0,0,0,0,,-0.0920890237827,-0.0920890237827,,1,0,0,0,0.380855761974,ARS,ETH,2021-01-01
adaptive_75,timely,base,1,0,0,0,0,0,0,0,0,0,0,0,0,,-0.0769769230673,-0.0769769230673,,1,0,0,0,0.351028706974,ARS,ETH,2021-02-01
adaptive_75,delay_only,base,1,0,0,0,0,0,0,0,0,0,0,0,0,,-0.0769769230673,-0.0769769230673,,1,0,0,0,0.351028706974,ARS,ETH,2021-02-01
adaptive_75,haircut_only,base,1,0,0,0,0,0,0,0,0,0,0,0,0,,-0.0769769230673,-0.0769769230673,,1,0,0,0,0.351028706974,ARS,ETH,2021-02-01
adaptive_75,delayed_stress,base,1,0,0,0,0,0,0,0,0,0,0,0,0,,-0.0769769230673,-0.0769769230673,,1,0,0,0,0.351028706974,ARS,ETH,2021-02-01
adaptive_75,timely,base,1,0,0,0,0,0,0,0,0,0,0,0,0,,-0.0642285563144,-0.0642285563144,,1,0,0,0,0.330653989612,ARS,ETH,2021-03-01
adaptive_75,delay_only,base,1,0,0,0,0,0,0,0,0,0,0,0,0,,-0.0642285563144,-0.0642285563144,,1,0,0,0,0.330653989612,ARS,ETH,2021-03-01
adaptive_75,haircut_only,base,1,0,0,0,0,0,0,0,0,0,0,0,0,,-0.0642285563144,-0.0642285563144,,1,0,0,0,0.330653989612,ARS,ETH,2021-03-01
adaptive_75,delayed_stress,base,1,0,0,0,0,0,0,0,0,0,0,0,0,,-0.0642285563144,-0.0642285563144,,1,0,0,0,0.330653989612,ARS,ETH,2021-03-01
adaptive_75,timely,base,1,0,0,0,0,0,0,0,0,0,0,0,0,,-0.0477651326688,-0.0477651326688,,1,0,0,0,0.315124386298,ARS,ETH,2021-04-01
adaptive_75,delay_only,base,1,0,0,0,0,0,0,0,0,0,0,0,0,,-0.0477651326688,-0.0477651326688,,1,0,0,0,0.315124386298,ARS,ETH,2021-04-01
adaptive_75,haircut_only,base,1,0,0,0,0,0,0,0,0,0,0,0,0,,-0.0477651326688,-0.0477651326688,,1,0,0,0,0.315124386298,ARS,ETH,2021-04-01
adaptive_75,delayed_stress,base,1,0,0,0,0,0,0,0,0,0,0,0,0,,-0.0477651326688,-0.0477651326688,,1,0,0,0,0.315124386298,ARS,ETH,2021-04-01
adaptive_75,timely,base,1,1,0.100000053333,0.100000053333,0.100000053333,0.100000053333,0,0,0,0,0,0,0,0,-0.0587248312637,-0.0320071403593,-0.299183906909,0.899999946667,0.0132468469346,0,0,0.310502283338,ARS,ETH,2021-05-01
adaptive_75,delay_only,base,1,1,0.100000053333,0.100000053333,0.100000053333,0.100000053333,0,0,0,0,0,0,0,0,-0.066360893283,-0.0320071403593,-0.375544486376,0.899999946667,0.013350676824,0,0,0.312379186038,ARS,ETH,2021-05-01
adaptive_75,haircut_only,base,1,1,0.100000053333,0.100000053333,0.100000053333,0.100000053333,0,0,0,0,0,0,0,0,-0.0690657834911,-0.0320071403593,-0.402593374031,0.899999946667,0.0132468469346,0,0,0.310502283338,ARS,ETH,2021-05-01
adaptive_75,delayed_stress,base,1,1,0.100000053333,0.100000053333,0.100000053333,0.100000053333,0,0,0,0,0,0,0,0,-0.0814153234791,-0.0320071403593,-0.526088708047,0.899999946667,0.013350676824,0,0,0.312379186038,ARS,ETH,2021-05-01
adaptive_75,timely,base,1,1,0.999999933333,0.999999933333,0.999999933333,0.999999933333,0,0,0,0.0320545579499,0.0320545579499,0.0320545579499,0,0.0318807779298,-0.326229726622,-0.0182823500393,-0.326229747152,6.66666577778e-08,0.035210331977,0,0,0.121756404789,ARS,ETH,2021-06-01
adaptive_75,delay_only,base,1,1,0.999999933333,0.999999933333,0.999999933333,0.999999933333,0,0,0,0.09521019852,0.09521019852,0.09521019852,0,0.0939675427,-0.233933029434,-0.0182823500393,-0.23393304381,6.66666577778e-08,0.0161267875846,0,0,0.0571880584782,ARS,ETH,2021-06-01
adaptive_75,haircut_only,base,1,1,0.999999933333,0.999999933333,0.999999933333,0.999999933333,0,0,0,0.0676627080422,0.0676627080422,0.0676627080422,0,0.0672958826196,-0.338218145431,-0.0182823500393,-0.33821816676,6.66666577778e-08,0.0192883518094,0,0,0.0702262745292,ARS,ETH,2021-06-01
adaptive_75,delayed_stress,base,1,1,0.999999933333,0.999999933333,0.999999933333,0.999999933333,0,0,0,0.142055929133,0.142055929133,0.142055929133,0,0.140201856462,-0.251385852941,-0.0182823500393,-0.251385868481,6.66666577778e-08,0.0159024475903,1,1,0.0101179878705,ARS,ETH,2021-06-01
adaptive_75,timely,base,1,1,1,1,1,1,0,0,0,0.155777405577,0.155777405577,0.155777405577,0,0.154389461528,-0.133718114416,,-0.133718114416,0,0.0183179520272,1,0,0.165572891709,ARS,ETH,2021-07-01
adaptive_75,delay_only,base,1,1,1,1,1,0.140000048,0.859999952,0.0999999866667,0.100939825343,0.164955437673,0.164955437673,0.164955437673,0,0.163541892009,-0.130932078385,,-0.130932078385,0,0.0184295192218,1,0,0.187139236095,ARS,ETH,2021-07-01
adaptive_75,haircut_only,base,1,1,1,1,1,1,0,0,0,0.201486836143,0.201486836143,0.201486836143,0,0.199691630643,-0.148115573762,,-0.148115573762,0,0.0183179512911,1,0,0.119863460406,ARS,ETH,2021-07-01
adaptive_75,delayed_stress,base,1,1,1,1,1,0.140000048,0.859999952,0.0999999866667,0.100939825343,0.209998591846,0.209998591846,0.209998591846,0,0.208199059784,-0.151892000938,,-0.151892000938,0,0.0184295192218,1,0,0.142096081923,ARS,ETH,2021-07-01
adaptive_75,timely,base,1,1,1,1,1,1,0,0,0,0.148068237751,0.148068237751,0.148068237751,0,0.147569540204,-0.188478349966,,-0.188478349966,0,0.000393242657733,1,0,0.171850618785,ARS,ETH,2021-08-01
adaptive_75,delay_only,base,1,1,1,1,1,1,0,0,0,0.158892730261,0.158892730261,0.158892730261,0,0.158577658412,-0.171154680464,,-0.171154680464,0,0.000137238666006,1,0,0.194119687024,ARS,ETH,2021-08-01
adaptive_75,haircut_only,base,1,1,1,1,1,1,0,0,0,0.171465519832,0.171465519832,0.171465519832,0,0.17088801965,-0.188478349966,,-0.188478349966,0,2.09577390104e-05,1,0,0.148081051786,ARS,ETH,2021-08-01
adaptive_75,delayed_stress,base,1,1,1,1,1,1,0,0,0,0.18217858548,0.18217858548,0.18217858548,0,0.181817339603,-0.171154680464,,-0.171154680464,0,2.76098266373e-10,1,0,0.170696593415,ARS,ETH,2021-08-01
adaptive_75,timely,base,1,1,1,1,1,1,0,0,0,0.0415826822917,0.0415826822917,0.0415826822917,0,0.041551853974,-0.28265538867,,-0.28265538867,0,0.0284041748002,0,0,0.255331462694,ARS,ETH,2021-09-01
adaptive_75,delay_only,base,1,1,1,1,1,1,0,0,0,0.331611467527,0.331611467527,0.331611467527,0,0.331943929336,0.126429150656,,0.126429150656,0,0.0131578729196,1,1,-0.01939498919,ARS,ETH,2021-09-01
adaptive_75,haircut_only,base,1,1,1,1,1,1,0,0,0,0.0867901478664,0.0867901478664,0.0867901478664,0,0.086725803911,-0.293003935116,,-0.293003935116,0,0.0149769586679,0,0,0.196696780987,ARS,ETH,2021-09-01
adaptive_75,delayed_stress,base,1,1,1,1,1,1,0,0,0,0.369798292125,0.369798292125,0.369798292125,0,0.370169038681,0.116094413578,,0.116094413578,0,0.0131578729196,1,1,-0.0575818137883,ARS,ETH,2021-09-01
adaptive_75,timely,base,1,1,1,1,1,1,0,0,0,0.0123414354041,0.0123414354041,0.0123414354041,0,0.0123591679252,-0.282615317776,,-0.282615317776,0,0.0666845849018,0,0,0.282969311537,ARS,ETH,2021-10-01
adaptive_75,delay_only,base,1,1,1,1,1,1,0,0,0,0.226791287923,0.226791287923,0.226791287923,0,0.227580146382,0.0148797842041,,0.0148797842041,0,0.0479716924891,1,0,0.0776619023547,ARS,ETH,2021-10-01
adaptive_75,haircut_only,base,1,1,1,1,1,1,0,0,0,0.0511434841601,0.0511434841601,0.0511434841601,0,0.0512169685549,-0.320905805104,,-0.320905805104,0,0.0498528673209,0,0,0.2273355452,ARS,ETH,2021-10-01
adaptive_75,delayed_stress,base,1,1,1,1,1,1,0,0,0,0.262149764621,0.262149764621,0.262149764621,0,0.263061612078,-0.0204860620604,,-0.0204860620604,0,0.046267325893,1,0,0.0405990590612,ARS,ETH,2021-10-01
adaptive_75,timely,base,1,1,1,1,1,1,0,0,0,0.000822920902407,0.000822920902407,0.000822920902407,0,0.000820681227426,-0.341107591828,,-0.341107591828,0,0.0943619942004,0,0,0.263182006689,ARS,ETH,2021-11-01
adaptive_75,delay_only,base,1,1,1,1,1,1,0,0,0,0.0543367705975,0.0543367705975,0.0543367705975,0,0.0542978595253,-0.224119371893,,-0.224119371893,0,0.0517030617242,0,0,0.189094886285,ARS,ETH,2021-11-01
adaptive_75,haircut_only,base,1,1,1,1,1,1,0,0,0,0.0171016312709,0.0171016312709,0.0171016312709,0,0.0170550871916,-0.366953290487,,-0.366953290487,0,0.0401056155208,0,0,0.192646917641,ARS,ETH,2021-11-01
adaptive_75,delayed_stress,base,1,1,1,1,1,1,0,0,0,0.0965539786207,0.0965539786207,0.0965539786207,0,0.0964848354091,-0.244648816983,,-0.244648816983,0,0.026523036247,0,0,0.121697652784,ARS,ETH,2021-11-01
adaptive_75,timely,base,1,1,1,1,1,1,0,0,0,0.0580808755972,0.0580808755972,0.0580808755972,0,0.0579809705886,-0.276136383764,,-0.276136383764,0,0.0237101688895,0,0,0.100873130896,ARS,ETH,2021-12-01
adaptive_75,delay_only,base,1,1,1,1,1,1,0,0,0,0.103504229498,0.103504229498,0.103504229498,0,0.103275570267,-0.18854977234,,-0.18854977234,0,0.00252875597484,1,0,0.056181023112,ARS,ETH,2021-12-01
adaptive_75,haircut_only,base,1,1,1,1,1,1,0,0,0,0.097819642596,0.097819642596,0.097819642596,0,0.0976513828696,-0.287294226565,,-0.287294226565,0,0.0157348063032,0,0,0.053159001311,ARS,ETH,2021-12-01
adaptive_75,delayed_stress,base,1,1,1,1,1,1,0,0,0,0.154734268175,0.154734268175,0.154734268175,0,0.154392432686,-0.189550824725,,-0.189550824725,0,0.00129829195849,1,0,0.00372052041923,ARS,ETH,2021-12-01
adaptive_75,timely,base,1,1,1,1,1,1,0,0,0,0.0150702002256,0.0150702002256,0.0150702002256,0,0.0151276378348,-0.324994943228,,-0.324994943228,0,0.0514266928121,0,0,0.161097167166,ARS,ETH,2022-01-01
adaptive_75,delay_only,base,1,1,1,1,1,1,0,0,0,0.0596098488644,0.0596098488644,0.0596098488644,0,0.0597398873244,-0.236346192855,,-0.236346192855,0,0.0238609202485,0,0,0.11378995187,ARS,ETH,2022-01-01
adaptive_75,haircut_only,base,1,1,1,1,1,1,0,0,0,0.0514525476822,0.0514525476822,0.0514525476822,0,0.0516486506722,-0.338534149572,,-0.338534149572,0,0.0216746390711,0,0,0.0949627659685,ARS,ETH,2022-01-01
adaptive_75,delayed_stress,base,1,1,1,1,1,1,0,0,0,0.113898230777,0.113898230777,0.113898230777,0,0.114146698955,-0.249892510035,,-0.249892510035,0,0.0172808734433,1,0,0.0529215231522,ARS,ETH,2022-01-01
adaptive_75,timely,base,1,1,1,1,1,1,0,0,0,0.0401211572876,0.0401211572876,0.0401211572876,0,0.0408245061135,-0.266388116784,,-0.266388116784,0,0.0243205938655,0,0,0.184104769595,ARS,ETH,2022-02-01
adaptive_75,delay_only,base,1,1,1,1,1,1,0,0,0,0.331173015559,0.331173015559,0.331173015559,0,0.3374865049,0.150752375484,,0.150752375484,0,0.00516489251945,1,1,-0.0924183029994,ARS,ETH,2022-02-01
adaptive_75,haircut_only,base,1,1,1,1,1,1,0,0,0,0.0830051627036,0.0830051627036,0.0830051627036,0,0.0844602948003,-0.270484871888,,-0.270484871888,0,0.00835156457631,0,0,0.12525173489,ARS,ETH,2022-02-01
adaptive_75,delayed_stress,base,1,1,1,1,1,1,0,0,0,0.370529700839,0.370529700839,0.370529700839,0,0.377593486856,0.146643294529,,0.146643294529,0,0.00516489251945,1,1,-0.131774988279,ARS,ETH,2022-02-01
adaptive_75,timely,base,1,1,1,1,1,1,0,0,0,0.0385423408466,0.0385423408466,0.0385423408466,0,0.0392055010768,-0.24804129038,,-0.24804129038,0,0.0431711419136,0,0,0.194559901238,ARS,ETH,2022-03-01
adaptive_75,delay_only,base,1,1,1,1,1,1,0,0,0,0.278938044885,0.278938044885,0.278938044885,0,0.284167148774,0.121133163783,,0.121133163783,0,0,1,1,-0.0538054480408,ARS,ETH,2022-03-01
adaptive_75,haircut_only,base,1,1,1,1,1,1,0,0,0,0.0865836851664,0.0865836851664,0.0865836851664,0,0.0880734456564,-0.249387368832,,-0.249387368832,0,0.00510144886714,0,0,0.108448863872,ARS,ETH,2022-03-01
adaptive_75,delayed_stress,base,1,1,1,1,1,1,0,0,0,0.34045872342,0.34045872342,0.34045872342,0,0.346841122907,0.121133163783,,0.121133163783,0,0,1,1,-0.115326126576,ARS,ETH,2022-03-01
adaptive_75,timely,base,1,1,1,1,1,1,0,0,0,0.0400622393859,0.0400622393859,0.0400622393859,0,0.040757375739,-0.244496398412,,-0.244496398412,0,0.0420675373928,0,0,0.166315617223,ARS,ETH,2022-04-01
adaptive_75,delay_only,base,1,1,1,1,1,1,0,0,0,0.283337250965,0.283337250965,0.283337250965,0,0.287976566288,0.123769466523,,0.123769466523,0,0,1,1,-0.0803468255207,ARS,ETH,2022-04-01
adaptive_75,haircut_only,base,1,1,1,1,1,1,0,0,0,0.0887544515203,0.0887544515203,0.0887544515203,0,0.0902944664246,-0.24563963003,,-0.24563963003,0,0.00470820704321,0,0,0.0802640747387,ARS,ETH,2022-04-01
adaptive_75,delayed_stress,base,1,1,1,1,1,1,0,0,0,0.344673388308,0.344673388308,0.344673388308,0,0.350317010975,0.123769466523,,0.123769466523,0,0,1,1,-0.141682962864,ARS,ETH,2022-04-01
adaptive_75,timely,base,1,1,1,1,1,1,0,0,0,0.0573497955565,0.0573497955565,0.0573497955565,0,0.0586558898933,-0.256069123133,,-0.256069123133,0,0.013064800568,0,0,0.0747183484129,ARS,ETH,2022-05-01
adaptive_75,delay_only,base,1,1,1,1,1,1,0,0,0,0.371205901445,0.371205901445,0.371205901445,0,0.378161417467,0.183820920962,,0.183820920962,0,0,1,1,-0.2097158686,ARS,ETH,2022-05-01
adaptive_75,haircut_only,base,1,1,1,1,1,1,0,0,0,0.092605492131,0.092605492131,0.092605492131,0,0.0947145059061,-0.256069123133,,-0.256069123133,0,0.00320858113616,0,0,0.0296064324066,ARS,ETH,2022-05-01
adaptive_75,delayed_stress,base,1,1,1,1,1,1,0,0,0,0.401326486762,0.401326486762,0.401326486762,0,0.408846390939,0.183820920962,,0.183820920962,0,0,1,1,-0.239836453917,ARS,ETH,2022-05-01
adaptive_75,timely,base,1,1,1,1,1,1,0,0,0,0.143591216233,0.143591216233,0.143591216233,0,0.147119435396,-0.156704701649,,-0.156704701649,0,0.000400607286675,1,1,-0.0271903139608,ARS,ETH,2022-06-01
adaptive_75,delay_only,base,1,1,1,1,1,1,0,0,0,0.156784298854,0.156784298854,0.156784298854,0,0.160416095634,-0.139844175781,,-0.139844175781,0,0.000111958142175,1,0,0.00322018635097,ARS,ETH,2022-06-01
adaptive_75,haircut_only,base,1,1,1,1,1,1,0,0,0,0.166346888238,0.166346888238,0.166346888238,0,0.170434243259,-0.156704701649,,-0.156704701649,0,2.21852582268e-05,1,1,-0.0503244079938,ARS,ETH,2022-06-01
adaptive_75,delayed_stress,base,1,1,1,1,1,1,0,0,0,0.179469224352,0.179469224352,0.179469224352,0,0.183626501298,-0.139844175781,,-0.139844175781,0,1.24641246886e-10,1,1,-0.0195766971646,ARS,ETH,2022-06-01
adaptive_75,timely,base,1,1,0.490000001333,0.490000001333,0.490000001333,0.490000001333,0,0,0,0,0,0,0,0,-0.188581049175,-0.0230048828518,-0.360915425448,0.509999998667,0.0586017892134,0,0,0.345105093188,ARS,BTC,2020-02-01
adaptive_75,delay_only,base,1,1,0.490000001333,0.490000001333,0.490000001333,0.490000001333,0,0,0,0,0,0,0,0,-0.194847671702,-0.0230048828518,-0.37370445098,0.509999998667,0.0623556044836,0,0,0.362802076978,ARS,BTC,2020-02-01
adaptive_75,haircut_only,base,1,1,0.490000001333,0.490000001333,0.490000001333,0.490000001333,0,0,0,0.00113594206891,0.00113594206891,0.00113594206891,0,0.0023374030799,-0.208598213486,-0.0230048828518,-0.401766781076,0.509999998667,0.0316742948723,0,0,0.317041656778,ARS,BTC,2020-02-01
adaptive_75,delayed_stress,base,1,1,0.490000001333,0.490000001333,0.490000001333,0.490000001333,0,0,0,7.02458684767e-10,7.02458684767e-10,7.02458684767e-10,0,1.45595704354e-09,-0.234493635291,-0.0230048828518,-0.454614580532,0.509999998667,0.0515514456908,0,0,0.351997917483,ARS,BTC,2020-02-01
adaptive_75,timely,base,1,1,0.906666612444,0.906666612444,0.906666612444,0.906666612444,0,0,0,0.0456681148083,0.0456681148083,0.0456681148083,0,0.051030233273,-0.263396456545,-0.0328984394112,-0.287124208807,0.0933333875555,0.0127639085346,0,0,0.11353859618,ARS,BTC,2020-03-01
adaptive_75,delay_only,base,1,1,0.906666612444,0.906666612444,0.906666612444,0.906666612444,0,0,0,0.0208179916241,0.0208179916241,0.0208179916241,0,0.0233535651697,-0.320015713932,-0.0328984394112,-0.349571922895,0.0933333875555,0.0329992312013,0,0,0.188178036442,ARS,BTC,2020-03-01
adaptive_75,haircut_only,base,1,1,0.906666612444,0.906666612444,0.906666612444,0.906666612444,0,0,0,0.0801679578092,0.0801679578092,0.0801679578092,0,0.0895808728956,-0.263396456545,-0.0328984394112,-0.287124208807,0.0933333875555,0.00214002709396,0,0,0.0684148717384,ARS,BTC,2020-03-01
adaptive_75,delayed_stress,base,1,1,0.906666612444,0.906666612444,0.906666612444,0.906666612444,0,0,0,0.0464502573517,0.0464502573517,0.0464502573517,0,0.0521077696543,-0.320908527797,-0.0328984394112,-0.350556644129,0.0933333875555,0.0121767856403,0,0,0.141723325153,ARS,BTC,2020-03-01
adaptive_75,timely,base,1,0,0,0,0,0,0,0,0,0,0,0,0,,-0.0478557449682,-0.0478557449682,,1,0,0,0,0.453596699023,ARS,BTC,2020-04-01
adaptive_75,delay_only,base,1,0,0,0,0,0,0,0,0,0,0,0,0,,-0.0478557449682,-0.0478557449682,,1,0,0,0,0.453596699023,ARS,BTC,2020-04-01
adaptive_75,haircut_only,base,1,0,0,0,0,0,0,0,0,0,0,0,0,,-0.0478557449682,-0.0478557449682,,1,0,0,0,0.453596699023,ARS,BTC,2020-04-01
adaptive_75,delayed_stress,base,1,0,0,0,0,0,0,0,0,0,0,0,0,,-0.0478557449682,-0.0478557449682,,1,0,0,0,0.453596699023,ARS,BTC,2020-04-01
adaptive_75,timely,base,1,0,0,0,0,0,0,0,0,0,0,0,0,,-0.0534920105541,-0.0534920105541,,1,0,0,0,0.445337317477,ARS,BTC,2020-05-01
adaptive_75,delay_only,base,1,0,0,0,0,0,0,0,0,0,0,0,0,,-0.0534920105541,-0.0534920105541,,1,0,0,0,0.445337317477,ARS,BTC,2020-05-01
adaptive_75,haircut_only,base,1,0,0,0,0,0,0,0,0,0,0,0,0,,-0.0534920105541,-0.0534920105541,,1,0,0,0,0.445337317477,ARS,BTC,2020-05-01
adaptive_75,delayed_stress,base,1,0,0,0,0,0,0,0,0,0,0,0,0,,-0.0534920105541,-0.0534920105541,,1,0,0,0,0.445337317477,ARS,BTC,2020-05-01
adaptive_75,timely,base,1,0,0,0,0,0,0,0,0,0,0,0,0,,-0.0626778448844,-0.0626778448844,,1,0,0,0,0.44334623882,ARS,BTC,2020-06-01
adaptive_75,delay_only,base,1,0,0,0,0,0,0,0,0,0,0,0,0,,-0.0626778448844,-0.0626778448844,,1,0,0,0,0.44334623882,ARS,BTC,2020-06-01
adaptive_75,haircut_only,base,1,0,0,0,0,0,0,0,0,0,0,0,0,,-0.0626778448844,-0.0626778448844,,1,0,0,0,0.44334623882,ARS,BTC,2020-06-01
adaptive_75,delayed_stress,base,1,0,0,0,0,0,0,0,0,0,0,0,0,,-0.0626778448844,-0.0626778448844,,1,0,0,0,0.44334623882,ARS,BTC,2020-06-01
adaptive_75,timely,base,1,0,0,0,0,0,0,0,0,0,0,0,0,,-0.0713389447576,-0.0713389447576,,1,0,0,0,0.441415448857,ARS,BTC,2020-07-01
adaptive_75,delay_only,base,1,0,0,0,0,0,0,0,0,0,0,0,0,,-0.0713389447576,-0.0713389447576,,1,0,0,0,0.441415448857,ARS,BTC,2020-07-01
adaptive_75,haircut_only,base,1,0,0,0,0,0,0,0,0,0,0,0,0,,-0.0713389447576,-0.0713389447576,,1,0,0,0,0.441415448857,ARS,BTC,2020-07-01
adaptive_75,delayed_stress,base,1,0,0,0,0,0,0,0,0,0,0,0,0,,-0.0713389447576,-0.0713389447576,,1,0,0,0,0.441415448857,ARS,BTC,2020-07-01
adaptive_75,timely,base,1,0,0,0,0,0,0,0,0,0,0,0,0,,-0.0762683246832,-0.0762683246832,,1,0,0,0,0.433966037481,ARS,BTC,2020-08-01
adaptive_75,delay_only,base,1,0,0,0,0,0,0,0,0,0,0,0,0,,-0.0762683246832,-0.0762683246832,,1,0,0,0,0.433966037481,ARS,BTC,2020-08-01
adaptive_75,haircut_only,base,1,0,0,0,0,0,0,0,0,0,0,0,0,,-0.0762683246832,-0.0762683246832,,1,0,0,0,0.433966037481,ARS,BTC,2020-08-01
adaptive_75,delayed_stress,base,1,0,0,0,0,0,0,0,0,0,0,0,0,,-0.0762683246832,-0.0762683246832,,1,0,0,0,0.433966037481,ARS,BTC,2020-08-01
adaptive_75,timely,base,1,1,0.100000053333,0.100000053333,0.100000053333,0.100000053333,0,0,0,0,0,0,0,0,-0.0990338590823,-0.0805811368634,-0.265108260638,0.899999946667,0.0128805903168,0,0,0.40850064675,ARS,BTC,2020-09-01
adaptive_75,delay_only,base,1,1,0.100000053333,0.100000053333,0.100000053333,0.100000053333,0,0,0,0,0,0,0,0,-0.100691253789,-0.0805811368634,-0.28168219887,0.899999946667,0.01287508647,0,0,0.411420782934,ARS,BTC,2020-09-01
adaptive_75,haircut_only,base,1,1,0.100000053333,0.100000053333,0.100000053333,0.100000053333,0,0,0,0,0,0,0,0,-0.109218045467,-0.0805811368634,-0.366950070167,0.899999946667,0.0128805903168,0,0,0.40850064675,ARS,BTC,2020-09-01
adaptive_75,delayed_stress,base,1,1,0.100000053333,0.100000053333,0.100000053333,0.100000053333,0,0,0,0,0,0,0,0,-0.112069105132,-0.0805811368634,-0.395460651617,0.899999946667,0.01287508647,0,0,0.411420782934,ARS,BTC,2020-09-01
adaptive_75,timely,base,1,0,0,0,0,0,0,0,0,0,0,0,0,,-0.0863701680553,-0.0863701680553,,1,0,0,0,0.421242797442,ARS,BTC,2020-10-01
adaptive_75,delay_only,base,1,0,0,0,0,0,0,0,0,0,0,0,0,,-0.0863701680553,-0.0863701680553,,1,0,0,0,0.421242797442,ARS,BTC,2020-10-01
adaptive_75,haircut_only,base,1,0,0,0,0,0,0,0,0,0,0,0,0,,-0.0863701680553,-0.0863701680553,,1,0,0,0,0.421242797442,ARS,BTC,2020-10-01
adaptive_75,delayed_stress,base,1,0,0,0,0,0,0,0,0,0,0,0,0,,-0.0863701680553,-0.0863701680553,,1,0,0,0,0.421242797442,ARS,BTC,2020-10-01
adaptive_75,timely,base,1,0,0,0,0,0,0,0,0,0,0,0,0,,-0.0885547490204,-0.0885547490204,,1,0,0,0,0.406867575873,ARS,BTC,2020-11-01
adaptive_75,delay_only,base,1,0,0,0,0,0,0,0,0,0,0,0,0,,-0.0885547490204,-0.0885547490204,,1,0,0,0,0.406867575873,ARS,BTC,2020-11-01
adaptive_75,haircut_only,base,1,0,0,0,0,0,0,0,0,0,0,0,0,,-0.0885547490204,-0.0885547490204,,1,0,0,0,0.406867575873,ARS,BTC,2020-11-01
adaptive_75,delayed_stress,base,1,0,0,0,0,0,0,0,0,0,0,0,0,,-0.0885547490204,-0.0885547490204,,1,0,0,0,0.406867575873,ARS,BTC,2020-11-01
adaptive_75,timely,base,1,0,0,0,0,0,0,0,0,0,0,0,0,,-0.0939598303623,-0.0939598303623,,1,0,0,0,0.397316780697,ARS,BTC,2020-12-01
adaptive_75,delay_only,base,1,0,0,0,0,0,0,0,0,0,0,0,0,,-0.0939598303623,-0.0939598303623,,1,0,0,0,0.397316780697,ARS,BTC,2020-12-01
adaptive_75,haircut_only,base,1,0,0,0,0,0,0,0,0,0,0,0,0,,-0.0939598303623,-0.0939598303623,,1,0,0,0,0.397316780697,ARS,BTC,2020-12-01
adaptive_75,delayed_stress,base,1,0,0,0,0,0,0,0,0,0,0,0,0,,-0.0939598303623,-0.0939598303623,,1,0,0,0,0.397316780697,ARS,BTC,2020-12-01
adaptive_75,timely,base,1,0,0,0,0,0,0,0,0,0,0,0,0,,-0.0920890237827,-0.0920890237827,,1,0,0,0,0.380855761974,ARS,BTC,2021-01-01
adaptive_75,delay_only,base,1,0,0,0,0,0,0,0,0,0,0,0,0,,-0.0920890237827,-0.0920890237827,,1,0,0,0,0.380855761974,ARS,BTC,2021-01-01
adaptive_75,haircut_only,base,1,0,0,0,0,0,0,0,0,0,0,0,0,,-0.0920890237827,-0.0920890237827,,1,0,0,0,0.380855761974,ARS,BTC,2021-01-01
adaptive_75,delayed_stress,base,1,0,0,0,0,0,0,0,0,0,0,0,0,,-0.0920890237827,-0.0920890237827,,1,0,0,0,0.380855761974,ARS,BTC,2021-01-01
adaptive_75,timely,base,1,1,0.0400000613333,0.0400000613333,0.0400000613333,0.0400000613333,0,0,0,0,0,0,0,0,-0.0868251151643,-0.0769769230673,-0.323181347977,0.959999938667,0.00546411297847,0,0,0.352780907778,ARS,BTC,2021-02-01
adaptive_75,delay_only,base,1,1,0.0400000613333,0.0400000613333,0.0400000613333,0.0400000613333,0,0,0,0,0,0,0,0,-0.0889864383456,-0.0769769230673,-0.37721434466,0.959999938667,0.00550694117377,0,0,0.353513953094,ARS,BTC,2021-02-01
adaptive_75,haircut_only,base,1,1,0.0400000613333,0.0400000613333,0.0400000613333,0.0400000613333,0,0,0,0,0,0,0,0,-0.091145693895,-0.0769769230673,-0.431195650623,0.959999938667,0.00546411297847,0,0,0.352780907778,ARS,BTC,2021-02-01
adaptive_75,delayed_stress,base,1,1,0.0400000613333,0.0400000613333,0.0400000613333,0.0400000613333,0,0,0,0,0,0,0,0,-0.0947301228985,-0.0769769230673,-0.520806238308,0.959999938667,0.00550694117377,0,0,0.353513953094,ARS,BTC,2021-02-01
adaptive_75,timely,base,1,1,0.929999942667,0.929999942667,0.929999942667,0.929999942667,0,0,0,0.0181100949089,0.0181100949089,0.0181100949089,0,0.0188938747257,-0.348673136662,-0.0642285563144,-0.370082962641,0.0700000573333,0.042827035857,0,0,0.234852030588,ARS,BTC,2021-03-01
adaptive_75,delay_only,base,1,1,0.929999942667,0.929999942667,0.929999942667,0.929999942667,0,0,0,0.0412138182016,0.0412138182016,0.0412138182016,0,0.0425694669465,-0.311605542708,-0.0642285563144,-0.330225332276,0.0700000573333,0.024117171427,0,0,0.211346935654,ARS,BTC,2021-03-01
adaptive_75,haircut_only,base,1,1,0.929999942667,0.929999942667,0.929999942667,0.929999942667,0,0,0,0.0573026954112,0.0573026954112,0.0573026954112,0,0.0597826766778,-0.360661237149,-0.0642285563144,-0.382973394067,0.0700000573333,0.0183602262102,0,0,0.171192620439,ARS,BTC,2021-03-01
adaptive_75,delayed_stress,base,1,1,0.929999942667,0.929999942667,0.929999942667,0.929999942667,0,0,0,0.093711484775,0.093711484775,0.093711484775,0,0.0967939426072,-0.327542264005,-0.0642285563144,-0.347361592791,0.0700000573333,0.0154432537908,0,0,0.150175351445,ARS,BTC,2021-03-01
adaptive_75,timely,base,1,1,1,1,1,1,0,0,0,0.0126934985889,0.0126934985889,0.0126934985889,0,0.0125316108848,-0.311233412042,,-0.311233412042,0,0.0689245516453,0,0,0.20795566075,ARS,BTC,2021-04-01
adaptive_75,delay_only,base,1,1,1,1,1,1,0,0,0,0.0736967255787,0.0736967255787,0.0736967255787,0,0.0720314480909,-0.166975774842,,-0.166975774842,0,0.00442316367722,0,0,0.103090189938,ARS,BTC,2021-04-01
adaptive_75,haircut_only,base,1,1,1,1,1,1,0,0,0,0.0498530998403,0.0498530998403,0.0498530998403,0,0.0492172937367,-0.336019189752,,-0.336019189752,0,0.037305272232,0,0,0.139176780086,ARS,BTC,2021-04-01
adaptive_75,delayed_stress,base,1,1,1,1,1,1,0,0,0,0.150961866789,0.150961866789,0.150961866789,0,0.147550678621,-0.166975774842,,-0.166975774842,0,6.48303568231e-10,1,0,0.0214018856993,ARS,BTC,2021-04-01
adaptive_75,timely,base,1,1,1,1,1,1,0,0,0,0.00571024532403,0.00571024532403,0.00571024532403,0,0.00567732405074,-0.31347955576,,-0.31347955576,0,0.0729301625172,0,0,0.192548895954,ARS,BTC,2021-05-01
adaptive_75,delay_only,base,1,1,1,1,1,1,0,0,0,0.093963097634,0.093963097634,0.093963097634,0,0.0926548193683,-0.127772085072,,-0.127772085072,0,0.00416176042689,0,0,0.0547191628954,ARS,BTC,2021-05-01
adaptive_75,haircut_only,base,1,1,1,1,1,1,0,0,0,0.0369316740493,0.0369316740493,0.0369316740493,0,0.0367187518953,-0.325397087594,,-0.325397087594,0,0.0232913269445,0,0,0.111688631656,ARS,BTC,2021-05-01
adaptive_75,delayed_stress,base,1,1,1,1,1,1,0,0,0,0.168745383867,0.168745383867,0.168745383867,0,0.166395887908,-0.127772085072,,-0.127772085072,0,7.04681053185e-10,1,1,-0.0242248830596,ARS,BTC,2021-05-01
adaptive_75,timely,base,1,1,0.999999933333,0.999999933333,0.999999933333,0.999999933333,0,0,0,0.00929156015156,0.00929156015156,0.00929156015156,0,0.00922890249724,-0.348013145555,-0.0182823500393,-0.348013167537,6.66666577778e-08,0.0664659744143,0,0,0.19485564722,ARS,BTC,2021-06-01
adaptive_75,delay_only,base,1,1,0.999999933333,0.999999933333,0.999999933333,0.906666612444,0.0933333208889,0,0,0.0262211153994,0.0262211153994,0.0262211153994,0,0.0258674129291,-0.297606512379,-0.0182823500393,-0.297606531001,6.66666577778e-08,0.0324696882841,0,0,0.162767924037,ARS,BTC,2021-06-01
adaptive_75,haircut_only,base,1,1,0.999999933333,0.999999933333,0.999999933333,0.999999933333,0,0,0,0.0439220295232,0.0439220295232,0.0439220295232,0,0.04362584123,-0.371143778743,-0.0182823500393,-0.371143802267,6.66666577778e-08,0.0335468733787,0,0,0.127306076813,ARS,BTC,2021-06-01
adaptive_75,delayed_stress,base,1,1,0.999999933333,0.999999933333,0.999999933333,0.906666612444,0.0933333208889,0,0,0.0831815293928,0.0831815293928,0.0831815293928,0,0.0820594752018,-0.315130237275,-0.0182823500393,-0.315130257065,6.66666577778e-08,0.0167859169009,0,0,0.0901237386598,ARS,BTC,2021-06-01
adaptive_75,timely,base,1,1,0.999999933333,0.999999933333,0.999999933333,0.999999933333,0,0,0,0.0302334017385,0.0302334017385,0.0302334017385,0,0.0299433711194,-0.295075274559,-0.00939838801679,-0.295075293604,6.66666577778e-08,0.0461888666097,0,0,0.338251573007,ARS,BTC,2021-07-01
adaptive_75,delay_only,base,1,1,0.999999933333,0.999999933333,0.999999933333,0.240000034667,0.759999898667,0,0,0.107070248106,0.107070248106,0.107070248106,0,0.106178572975,-0.139087275428,-0.00939838801679,-0.139087284074,6.66666577778e-08,0.00293129475313,1,0,0.250318650871,ARS,BTC,2021-07-01
adaptive_75,haircut_only,base,1,1,0.999999933333,0.999999933333,0.999999933333,0.999999933333,0,0,0,0.0829041708463,0.0829041708463,0.0829041708463,0,0.0821088667583,-0.3193979614,-0.00939838801679,-0.319397982067,6.66666577778e-08,0.0320444052679,0,0,0.271436342557,ARS,BTC,2021-07-01
adaptive_75,delayed_stress,base,1,1,0.999999933333,0.999999933333,0.999999933333,0.240000034667,0.759999898667,0,0,0.182942448769,0.182942448769,0.182942448769,0,0.181418914128,-0.141844396298,-0.00939838801679,-0.141844405127,6.66666577778e-08,0.00263279598251,1,0,0.174147951438,ARS,BTC,2021-07-01
adaptive_75,timely,base,1,1,1,1,1,1,0,0,0,0.0386553345896,0.0386553345896,0.0386553345896,0,0.0385209224894,-0.303353003557,,-0.303353003557,0,0.0327782137415,0,0,0.311651931739,ARS,BTC,2021-08-01
adaptive_75,delay_only,base,1,1,1,1,1,0.966666604444,0.0333333955555,0,0,0.120075447672,0.120075447672,0.120075447672,0,0.11983585907,-0.157106483074,,-0.157106483074,0,0.00579626534582,1,0,0.236392746166,ARS,BTC,2021-08-01
adaptive_75,haircut_only,base,1,1,1,1,1,1,0,0,0,0.0786325977504,0.0786325977504,0.0786325977504,0,0.0783591769478,-0.316796131443,,-0.316796131443,0,0.0198609501613,0,0,0.258757404998,ARS,BTC,2021-08-01
adaptive_75,delayed_stress,base,1,1,1,1,1,0.966666604444,0.0333333955555,0,0,0.173286054424,0.173286054424,0.173286054424,0,0.172940293784,-0.160404419205,,-0.160404419205,0,0.00432546590618,1,0,0.181711339975,ARS,BTC,2021-08-01
adaptive_75,timely,base,1,1,1,1,1,1,0,0,0,0.0158318774915,0.0158318774915,0.0158318774915,0,0.0157785470121,-0.30520241209,,-0.30520241209,0,0.0558612726989,0,0,0.29395384467,ARS,BTC,2021-09-01
adaptive_75,delay_only,base,1,1,1,1,1,1,0,0,0,0.165754270116,0.165754270116,0.165754270116,0,0.165473055152,-0.0779646542912,,-0.0779646542912,0,0.0316601927162,1,0,0.148511442528,ARS,BTC,2021-09-01
adaptive_75,haircut_only,base,1,1,1,1,1,1,0,0,0,0.0625313133603,0.0625313133603,0.0625313133603,0,0.0623206734712,-0.329886451724,,-0.329886451724,0,0.0331699567132,0,0,0.224563092816,ARS,BTC,2021-09-01
adaptive_75,delayed_stress,base,1,1,1,1,1,1,0,0,0,0.219200221878,0.219200221878,0.219200221878,0,0.218828331714,-0.101931483176,,-0.101931483176,0,0.030886816964,1,0,0.0942921150143,ARS,BTC,2021-09-01
adaptive_75,timely,base,1,1,1,1,1,1,0,0,0,0.0147341657435,0.0147341657435,0.0147341657435,0,0.0147852033237,-0.299181460363,,-0.299181460363,0,0.0566033494972,0,0,0.279565779293,ARS,BTC,2021-10-01
adaptive_75,delay_only,base,1,1,1,1,1,1,0,0,0,0.162920282723,0.162920282723,0.162920282723,0,0.163758887081,-0.0729359111536,,-0.0729359111536,0,0.0314446229305,1,0,0.135249283209,ARS,BTC,2021-10-01
adaptive_75,haircut_only,base,1,1,1,1,1,1,0,0,0,0.0603505358976,0.0603505358976,0.0603505358976,0,0.0605595837235,-0.323932172891,,-0.323932172891,0,0.0332653651514,0,0,0.210611424793,ARS,BTC,2021-10-01
adaptive_75,delayed_stress,base,1,1,1,1,1,1,0,0,0,0.216156186329,0.216156186329,0.216156186329,0,0.217268813417,-0.0969406856009,,-0.0969406856009,0,0.030806426936,1,0,0.0813751836084,ARS,BTC,2021-10-01
adaptive_75,timely,base,1,1,1,1,1,1,0,0,0,0,0,0,0,0,-0.346114557558,,-0.346114557558,0,0.0941235280977,0,0,0.242081848921,ARS,BTC,2021-11-01
adaptive_75,delay_only,base,1,1,1,1,1,1,0,0,0,0.0108100347607,0.0108100347607,0.0108100347607,0,0.0107658074372,-0.269961862077,,-0.269961862077,0,0.0457835800742,0,0,0.202557966541,ARS,BTC,2021-11-01
adaptive_75,haircut_only,base,1,1,1,1,1,1,0,0,0,0.0187685511273,0.0187685511273,0.0187685511273,0,0.0186659687287,-0.375464154872,,-0.375464154872,0,0.0458448873039,0,0,0.175034657,ARS,BTC,2021-11-01
adaptive_75,delayed_stress,base,1,1,1,1,1,1,0,0,0,0.0586719508636,0.0586719508636,0.0586719508636,0,0.0584319050723,-0.273405995136,,-0.273405995136,0,0.00795120957642,0,0,0.11686367994,ARS,BTC,2021-11-01
adaptive_75,timely,base,1,1,1,1,1,1,0,0,0,7.77681736216e-10,7.77681736216e-10,7.77681736216e-10,0,7.76745176172e-10,-0.350508156205,,-0.350508156205,0,0.102192181933,0,0,0.228048640118,ARS,BTC,2021-12-01
adaptive_75,delay_only,base,1,1,1,1,1,1,0,0,0,0.0325301018856,0.0325301018856,0.0325301018856,0,0.0324641546668,-0.231234083857,,-0.231234083857,0,0.039623595946,0,0,0.154253733247,ARS,BTC,2021-12-01
adaptive_75,haircut_only,base,1,1,1,1,1,1,0,0,0,0.010462273179,0.010462273179,0.010462273179,0,0.0104496734913,-0.368985004137,,-0.368985004137,0,0.0352701579957,0,0,0.150664343779,ARS,BTC,2021-12-01
adaptive_75,delayed_stress,base,1,1,1,1,1,1,0,0,0,0.08499273901,0.08499273901,0.08499273901,0,0.0848204359912,-0.236354348765,,-0.236354348765,0,0.0106200215367,0,0,0.0727875217131,ARS,BTC,2021-12-01
adaptive_75,timely,base,1,1,1,1,1,1,0,0,0,0.00209645678858,0.00209645678858,0.00209645678858,0,0.00211660225548,-0.29897098041,,-0.29897098041,0,0.0851428526425,0,0,0.253504283595,ARS,BTC,2022-01-01
adaptive_75,delay_only,base,1,1,1,1,1,1,0,0,0,0.0981845002902,0.0981845002902,0.0981845002902,0,0.0991148030944,-0.150515494732,,-0.150515494732,0,0.0603545161653,0,0,0.161416876296,ARS,BTC,2022-01-01
adaptive_75,haircut_only,base,1,1,1,1,1,1,0,0,0,0.0258929998771,0.0258929998771,0.0258929998771,0,0.0261418132916,-0.328766013984,,-0.328766013984,0,0.0452143106216,0,0,0.189779198486,ARS,BTC,2022-01-01
adaptive_75,delayed_stress,base,1,1,1,1,1,1,0,0,0,0.133309838777,0.133309838777,0.133309838777,0,0.134572955832,-0.175228945968,,-0.175228945968,0,0.0372712956728,1,0,0.103208317316,ARS,BTC,2022-01-01
adaptive_75,timely,base,1,1,1,1,1,1,0,0,0,0.00246517492914,0.00246517492914,0.00246517492914,0,0.00251038276195,-0.301147922466,,-0.301147922466,0,0.0642315217066,0,0,0.272111715306,ARS,BTC,2022-02-01
adaptive_75,delay_only,base,1,1,1,1,1,1,0,0,0,0.140327852707,0.140327852707,0.140327852707,0,0.143116634968,-0.043995854905,,-0.043995854905,0,0.000149147199438,1,0,0.104654456238,ARS,BTC,2022-02-01
adaptive_75,haircut_only,base,1,1,1,1,1,1,0,0,0,0.0360214845037,0.0360214845037,0.0360214845037,0,0.0366820677465,-0.304005918868,,-0.304005918868,0,0.00936541270491,0,0,0.18368929673,ARS,BTC,2022-02-01
adaptive_75,delayed_stress,base,1,1,1,1,1,1,0,0,0,0.21325841815,0.21325841815,0.21325841815,0,0.217496573883,-0.0439958620516,,-0.0439958620516,0,8.60813985219e-09,1,0,0.0315747522043,ARS,BTC,2022-02-01
adaptive_75,timely,base,1,1,1,1,1,1,0,0,0,0.00201055802171,0.00201055802171,0.00201055802171,0,0.00204543822278,-0.295299128065,,-0.295299128065,0,0.0666842636742,0,0,0.257714798089,ARS,BTC,2022-03-01
adaptive_75,delay_only,base,1,1,1,1,1,1,0,0,0,0.132146938975,0.132146938975,0.132146938975,0,0.134641051373,-0.0470263120215,,-0.0470263120215,0,0.000116982450364,1,0,0.0964362556834,ARS,BTC,2022-03-01
adaptive_75,haircut_only,base,1,1,1,1,1,1,0,0,0,0.0338761492215,0.0338761492215,0.0338761492215,0,0.0344638501898,-0.299420566189,,-0.299420566189,0,0.0117118533649,0,0,0.17087679658,ARS,BTC,2022-03-01
adaptive_75,delayed_stress,base,1,1,1,1,1,1,0,0,0,0.205321798366,0.205321798366,0.205321798366,0,0.209196997041,-0.0470263120215,,-0.0470263120215,0,0,1,0,0.0231444138419,ARS,BTC,2022-03-01
adaptive_75,timely,base,1,1,1,1,1,1,0,0,0,0.00841178921017,0.00841178921017,0.00841178921017,0,0.00855835772535,-0.304804971714,,-0.304804971714,0,0.0516590971788,0,0,0.206002728058,ARS,BTC,2022-04-01
adaptive_75,delay_only,base,1,1,1,1,1,1,0,0,0,0.16850815134,0.16850815134,0.16850815134,0,0.171257764102,-0.0333825283734,,-0.0333825283734,0,0.00010098335979,1,0,0.0330579548099,ARS,BTC,2022-04-01
adaptive_75,haircut_only,base,1,1,1,1,1,1,0,0,0,0.0473583507842,0.0473583507842,0.0473583507842,0,0.0481835311331,-0.305545845222,,-0.305545845222,0,0.00621523105086,0,0,0.121612300356,ARS,BTC,2022-04-01
adaptive_75,delayed_stress,base,1,1,1,1,1,1,0,0,0,0.235938289943,0.235938289943,0.235938289943,0,0.239788186389,-0.0333825283734,,-0.0333825283734,0,0,1,1,-0.0344731671524,ARS,BTC,2022-04-01
adaptive_75,timely,base,1,1,1,1,1,1,0,0,0,0.00308711096609,0.00308711096609,0.00308711096609,0,0.0031543107885,-0.291408142192,,-0.291408142192,0,0.0604477897032,0,0,0.186296247199,ARS,BTC,2022-05-01
adaptive_75,delay_only,base,1,1,1,1,1,1,0,0,0,0.148092158618,0.148092158618,0.148092158618,0,0.150848573117,-0.0357280905468,,-0.0357280905468,0,4.51734891906e-05,1,0,0.0231086228263,ARS,BTC,2022-05-01
adaptive_75,haircut_only,base,1,1,1,1,1,1,0,0,0,0.0390398385204,0.0390398385204,0.0390398385204,0,0.0398896525518,-0.293679061776,,-0.293679061776,0,0.00811390251665,0,0,0.0980096324577,ARS,BTC,2022-05-01
adaptive_75,delayed_stress,base,1,1,1,1,1,1,0,0,0,0.220547951467,0.220547951467,0.220547951467,0,0.22465297348,-0.0357280905468,,-0.0357280905468,0,0,1,1,-0.0493923435119,ARS,BTC,2022-05-01
adaptive_75,timely,base,1,1,1,1,1,1,0,0,0,0.00216616527456,0.00216616527456,0.00216616527456,0,0.00221881598926,-0.323326189902,,-0.323326189902,0,0.0885832209124,0,0,0.217491748963,ARS,BTC,2022-06-01
adaptive_75,delay_only,base,1,1,1,1,1,1,0,0,0,0.0367062500877,0.0367062500877,0.0367062500877,0,0.0375868017054,-0.219763770487,,-0.219763770487,0,0.0409414088927,0,0,0.179311369849,ARS,BTC,2022-06-01
adaptive_75,haircut_only,base,1,1,1,1,1,1,0,0,0,0.0230955107224,0.0230955107224,0.0230955107224,0,0.0236568691562,-0.347741659602,,-0.347741659602,0,0.0393375526695,0,0,0.147316735272,ARS,BTC,2022-06-01
adaptive_75,delayed_stress,base,1,1,1,1,1,1,0,0,0,0.0921898875465,0.0921898875465,0.0921898875465,0,0.0944014442818,-0.248323132918,,-0.248323132918,0,0.036934668095,0,0,0.119820991592,ARS,BTC,2022-06-01
adaptive_75,timely,base,1,0,0,0,0,0,0,0,0,0,0,0,0,,-0.186495694759,-0.186495694759,,1,0,0,0,0.485404022814,TRY,ETH,2020-02-01
adaptive_75,delay_only,base,1,0,0,0,0,0,0,0,0,0,0,0,0,,-0.186495694759,-0.186495694759,,1,0,0,0,0.485404022814,TRY,ETH,2020-02-01
adaptive_75,haircut_only,base,1,0,0,0,0,0,0,0,0,0,0,0,0,,-0.186495694759,-0.186495694759,,1,0,0,0,0.485404022814,TRY,ETH,2020-02-01
adaptive_75,delayed_stress,base,1,0,0,0,0,0,0,0,0,0,0,0,0,,-0.186495694759,-0.186495694759,,1,0,0,0,0.485404022814,TRY,ETH,2020-02-01
adaptive_75,timely,base,1,1,0.989999934667,0.989999934667,0.989999934667,0.989999934667,0,0,0,0.0910780978663,0.0910780978663,0.0910780978663,0,0.0945671599368,-0.227580096265,-0.280943232971,-0.227041071125,0.0100000653333,0.0050375435756,0,0,0.0339960062488,TRY,ETH,2020-03-01
adaptive_75,delay_only,base,1,1,0.989999934667,0.989999934667,0.989999934667,0.989999934667,0,0,0,0.0314127780969,0.0314127780969,0.0314127780969,0,0.0335252579666,-0.310362817167,-0.280943232971,-0.310659986645,0.0100000653333,0.0306486326135,0,0,0.164313253111,TRY,ETH,2020-03-01
adaptive_75,haircut_only,base,1,1,0.989999934667,0.989999934667,0.989999934667,0.989999934667,0,0,0,0.114441327766,0.114441327766,0.114441327766,0,0.118825399298,-0.227580096265,-0.280943232971,-0.227041071125,0.0100000653333,0.00167580483684,1,0,0.00727103761038,TRY,ETH,2020-03-01
adaptive_75,delayed_stress,base,1,1,0.989999934667,0.989999934667,0.989999934667,0.989999934667,0,0,0,0.0473670930191,0.0473670930191,0.0473670930191,0,0.0505524856061,-0.312183988182,-0.280943232971,-0.312499553449,0.0100000653333,0.0198297158881,0,0,0.137540021463,TRY,ETH,2020-03-01
adaptive_75,timely,base,1,0,0,0,0,0,0,0,0,0,0,0,0,,-0.216527273649,-0.216527273649,,1,0,0,0,0.491201330982,TRY,ETH,2020-04-01
adaptive_75,delay_only,base,1,0,0,0,0,0,0,0,0,0,0,0,0,,-0.216527273649,-0.216527273649,,1,0,0,0,0.491201330982,TRY,ETH,2020-04-01
adaptive_75,haircut_only,base,1,0,0,0,0,0,0,0,0,0,0,0,0,,-0.216527273649,-0.216527273649,,1,0,0,0,0.491201330982,TRY,ETH,2020-04-01
adaptive_75,delayed_stress,base,1,0,0,0,0,0,0,0,0,0,0,0,0,,-0.216527273649,-0.216527273649,,1,0,0,0,0.491201330982,TRY,ETH,2020-04-01
adaptive_75,timely,base,1,0,0,0,0,0,0,0,0,0,0,0,0,,-0.0681886317238,-0.0681886317238,,1,0,0,0,0.329025039622,TRY,ETH,2020-05-01
adaptive_75,delay_only,base,1,0,0,0,0,0,0,0,0,0,0,0,0,,-0.0681886317238,-0.0681886317238,,1,0,0,0,0.329025039622,TRY,ETH,2020-05-01
adaptive_75,haircut_only,base,1,0,0,0,0,0,0,0,0,0,0,0,0,,-0.0681886317238,-0.0681886317238,,1,0,0,0,0.329025039622,TRY,ETH,2020-05-01
adaptive_75,delayed_stress,base,1,0,0,0,0,0,0,0,0,0,0,0,0,,-0.0681886317238,-0.0681886317238,,1,0,0,0,0.329025039622,TRY,ETH,2020-05-01
adaptive_75,timely,base,1,0,0,0,0,0,0,0,0,0,0,0,0,,-0.076754845848,-0.076754845848,,1,0,0,0,0.347234405977,TRY,ETH,2020-06-01
adaptive_75,delay_only,base,1,0,0,0,0,0,0,0,0,0,0,0,0,,-0.076754845848,-0.076754845848,,1,0,0,0,0.347234405977,TRY,ETH,2020-06-01
adaptive_75,haircut_only,base,1,0,0,0,0,0,0,0,0,0,0,0,0,,-0.076754845848,-0.076754845848,,1,0,0,0,0.347234405977,TRY,ETH,2020-06-01
adaptive_75,delayed_stress,base,1,0,0,0,0,0,0,0,0,0,0,0,0,,-0.076754845848,-0.076754845848,,1,0,0,0,0.347234405977,TRY,ETH,2020-06-01
adaptive_75,timely,base,1,0,0,0,0,0,0,0,0,0,0,0,0,,-0.110420819501,-0.110420819501,,1,0,0,0,0.418995824805,TRY,ETH,2020-07-01
adaptive_75,delay_only,base,1,0,0,0,0,0,0,0,0,0,0,0,0,,-0.110420819501,-0.110420819501,,1,0,0,0,0.418995824805,TRY,ETH,2020-07-01
adaptive_75,haircut_only,base,1,0,0,0,0,0,0,0,0,0,0,0,0,,-0.110420819501,-0.110420819501,,1,0,0,0,0.418995824805,TRY,ETH,2020-07-01
adaptive_75,delayed_stress,base,1,0,0,0,0,0,0,0,0,0,0,0,0,,-0.110420819501,-0.110420819501,,1,0,0,0,0.418995824805,TRY,ETH,2020-07-01
adaptive_75,timely,base,1,0,0,0,0,0,0,0,0,0,0,0,0,,-0.208647579258,-0.208647579258,,1,0,0,0,0.509425567484,TRY,ETH,2020-08-01
adaptive_75,delay_only,base,1,0,0,0,0,0,0,0,0,0,0,0,0,,-0.208647579258,-0.208647579258,,1,0,0,0,0.509425567484,TRY,ETH,2020-08-01
adaptive_75,haircut_only,base,1,0,0,0,0,0,0,0,0,0,0,0,0,,-0.208647579258,-0.208647579258,,1,0,0,0,0.509425567484,TRY,ETH,2020-08-01
adaptive_75,delayed_stress,base,1,0,0,0,0,0,0,0,0,0,0,0,0,,-0.208647579258,-0.208647579258,,1,0,0,0,0.509425567484,TRY,ETH,2020-08-01
adaptive_75,timely,base,1,1,0.0666667244444,0.0666667244444,0.0666667244444,0.0666667244444,0,0,0,0,0,0,0,0,-0.220967505648,-0.219465564176,-0.241994666732,0.933333275556,0.00849334486238,0,0,0.447843368549,TRY,ETH,2020-09-01
adaptive_75,delay_only,base,1,1,0.0666667244444,0.0666667244444,0.0666667244444,0.0666667244444,0,0,0,0,0,0,0,0,-0.220607667805,-0.219465564176,-0.236597103753,0.933333275556,0.00842901683858,0,0,0.45039747194,TRY,ETH,2020-09-01
adaptive_75,haircut_only,base,1,1,0.0666667244444,0.0666667244444,0.0666667244444,0.0666667244444,0,0,0,0,0,0,0,0,-0.227697216811,-0.219465564176,-0.342940246686,0.933333275556,0.00849334486238,0,0,0.447843368549,TRY,ETH,2020-09-01
adaptive_75,delayed_stress,base,1,1,0.0666667244444,0.0666667244444,0.0666667244444,0.0666667244444,0,0,0,0,0,0,0,0,-0.227486869798,-0.219465564176,-0.339785044224,0.933333275556,0.00842901683858,0,0,0.45039747194,TRY,ETH,2020-09-01
adaptive_75,timely,base,1,0,0,0,0,0,0,0,0,0,0,0,0,,-0.223680078461,-0.223680078461,,1,0,0,0,0.442070735716,TRY,ETH,2020-10-01
adaptive_75,delay_only,base,1,0,0,0,0,0,0,0,0,0,0,0,0,,-0.223680078461,-0.223680078461,,1,0,0,0,0.442070735716,TRY,ETH,2020-10-01
adaptive_75,haircut_only,base,1,0,0,0,0,0,0,0,0,0,0,0,0,,-0.223680078461,-0.223680078461,,1,0,0,0,0.442070735716,TRY,ETH,2020-10-01
adaptive_75,delayed_stress,base,1,0,0,0,0,0,0,0,0,0,0,0,0,,-0.223680078461,-0.223680078461,,1,0,0,0,0.442070735716,TRY,ETH,2020-10-01
adaptive_75,timely,base,1,0,0,0,0,0,0,0,0,0,0,0,0,,-0.109909556596,-0.109909556596,,1,0,0,0,0.34867189823,TRY,ETH,2020-11-01
adaptive_75,delay_only,base,1,0,0,0,0,0,0,0,0,0,0,0,0,,-0.109909556596,-0.109909556596,,1,0,0,0,0.34867189823,TRY,ETH,2020-11-01
adaptive_75,haircut_only,base,1,0,0,0,0,0,0,0,0,0,0,0,0,,-0.109909556596,-0.109909556596,,1,0,0,0,0.34867189823,TRY,ETH,2020-11-01
adaptive_75,delayed_stress,base,1,0,0,0,0,0,0,0,0,0,0,0,0,,-0.109909556596,-0.109909556596,,1,0,0,0,0.34867189823,TRY,ETH,2020-11-01
adaptive_75,timely,base,1,0,0,0,0,0,0,0,0,0,0,0,0,,0.025211858526,0.025211858526,,1,0,0,0,0.327754990092,TRY,ETH,2020-12-01
adaptive_75,delay_only,base,1,0,0,0,0,0,0,0,0,0,0,0,0,,0.025211858526,0.025211858526,,1,0,0,0,0.327754990092,TRY,ETH,2020-12-01
adaptive_75,haircut_only,base,1,0,0,0,0,0,0,0,0,0,0,0,0,,0.025211858526,0.025211858526,,1,0,0,0,0.327754990092,TRY,ETH,2020-12-01
adaptive_75,delayed_stress,base,1,0,0,0,0,0,0,0,0,0,0,0,0,,0.025211858526,0.025211858526,,1,0,0,0,0.327754990092,TRY,ETH,2020-12-01
adaptive_75,timely,base,1,0,0,0,0,0,0,0,0,0,0,0,0,,0.187232455924,0.187232455924,,1,0,0,0,0.34394381112,TRY,ETH,2021-01-01
adaptive_75,delay_only,base,1,0,0,0,0,0,0,0,0,0,0,0,0,,0.187232455924,0.187232455924,,1,0,0,0,0.34394381112,TRY,ETH,2021-01-01
adaptive_75,haircut_only,base,1,0,0,0,0,0,0,0,0,0,0,0,0,,0.187232455924,0.187232455924,,1,0,0,0,0.34394381112,TRY,ETH,2021-01-01
adaptive_75,delayed_stress,base,1,0,0,0,0,0,0,0,0,0,0,0,0,,0.187232455924,0.187232455924,,1,0,0,0,0.34394381112,TRY,ETH,2021-01-01
adaptive_75,timely,base,1,0,0,0,0,0,0,0,0,0,0,0,0,,0.115277672369,0.115277672369,,1,0,0,0,0.438193533959,TRY,ETH,2021-02-01
adaptive_75,delay_only,base,1,0,0,0,0,0,0,0,0,0,0,0,0,,0.115277672369,0.115277672369,,1,0,0,0,0.438193533959,TRY,ETH,2021-02-01
adaptive_75,haircut_only,base,1,0,0,0,0,0,0,0,0,0,0,0,0,,0.115277672369,0.115277672369,,1,0,0,0,0.438193533959,TRY,ETH,2021-02-01
adaptive_75,delayed_stress,base,1,0,0,0,0,0,0,0,0,0,0,0,0,,0.115277672369,0.115277672369,,1,0,0,0,0.438193533959,TRY,ETH,2021-02-01
adaptive_75,timely,base,1,0,0,0,0,0,0,0,0,0,0,0,0,,-0.0686722553861,-0.0686722553861,,1,0,0,0,0.650082970685,TRY,ETH,2021-03-01
adaptive_75,delay_only,base,1,0,0,0,0,0,0,0,0,0,0,0,0,,-0.0686722553861,-0.0686722553861,,1,0,0,0,0.650082970685,TRY,ETH,2021-03-01
adaptive_75,haircut_only,base,1,0,0,0,0,0,0,0,0,0,0,0,0,,-0.0686722553861,-0.0686722553861,,1,0,0,0,0.650082970685,TRY,ETH,2021-03-01
adaptive_75,delayed_stress,base,1,0,0,0,0,0,0,0,0,0,0,0,0,,-0.0686722553861,-0.0686722553861,,1,0,0,0,0.650082970685,TRY,ETH,2021-03-01
adaptive_75,timely,base,1,0,0,0,0,0,0,0,0,0,0,0,0,,-0.0510056598136,-0.0510056598136,,1,0,0,0,0.625707425818,TRY,ETH,2021-04-01
adaptive_75,delay_only,base,1,0,0,0,0,0,0,0,0,0,0,0,0,,-0.0510056598136,-0.0510056598136,,1,0,0,0,0.625707425818,TRY,ETH,2021-04-01
adaptive_75,haircut_only,base,1,0,0,0,0,0,0,0,0,0,0,0,0,,-0.0510056598136,-0.0510056598136,,1,0,0,0,0.625707425818,TRY,ETH,2021-04-01
adaptive_75,delayed_stress,base,1,0,0,0,0,0,0,0,0,0,0,0,0,,-0.0510056598136,-0.0510056598136,,1,0,0,0,0.625707425818,TRY,ETH,2021-04-01
adaptive_75,timely,base,1,1,0.140000048,0.140000048,0.140000048,0.140000048,0,0,0,0,0,0,0,0,-0.0695485710137,-0.0287442601304,-0.320203523654,0.859999952,0.0186668739952,0,0,0.536476729032,TRY,ETH,2021-05-01
adaptive_75,delay_only,base,1,1,0.140000048,0.140000048,0.140000048,0.140000048,0,0,0,0,0,0,0,0,-0.0857515916142,-0.0287442601304,-0.435939345405,0.859999952,0.0193473953103,0,0,0.540570267166,TRY,ETH,2021-05-01
adaptive_75,haircut_only,base,1,1,0.140000048,0.140000048,0.140000048,0.140000048,0,0,0,0,0,0,0,0,-0.084177495576,-0.0287442601304,-0.42469580613,0.859999952,0.018666873022,0,0,0.536476728058,TRY,ETH,2021-05-01
adaptive_75,delayed_stress,base,1,1,0.140000048,0.140000048,0.140000048,0.140000048,0,0,0,0,0,0,0,0,-0.107048483184,-0.0287442601304,-0.588059947322,0.859999952,0.0193473953103,0,0,0.540570267166,TRY,ETH,2021-05-01
adaptive_75,timely,base,1,1,1,1,1,1,0,0,0,0.0173031757115,0.0173031757115,0.0173031757115,0,0.0174185615088,-0.31895615496,,-0.31895615496,0,0.0508397122705,0,0,0.156173790155,TRY,ETH,2021-06-01
adaptive_75,delay_only,base,1,1,1,1,1,1,0,0,0,0.0923036750507,0.0923036750507,0.0923036750507,0,0.0895645685078,-0.246570416327,,-0.246570416327,0,0.0252304623049,0,0,0.0882200079101,TRY,ETH,2021-06-01
adaptive_75,haircut_only,base,1,1,1,1,1,1,0,0,0,0.0548181154937,0.0548181154937,0.0548181154937,0,0.0551836687346,-0.332686262917,,-0.332686262917,0,0.0230448703335,0,0,0.0908640084354,TRY,ETH,2021-06-01
adaptive_75,delayed_stress,base,1,1,1,1,1,1,0,0,0,0.148036596923,0.148036596923,0.148036596923,0,0.143643618951,-0.272812896803,,-0.272812896803,0,0.0252304623049,1,1,0.0324870860375,TRY,ETH,2021-06-01
adaptive_75,timely,base,1,1,1,1,1,1,0,0,0,0.101205845562,0.101205845562,0.101205845562,0,0.105906090516,-0.135757577782,,-0.135757577782,0,0.0191569964914,1,0,0.397304032588,TRY,ETH,2021-07-01
adaptive_75,delay_only,base,1,1,1,1,1,0.140000048,0.859999952,0,0,0.137079478787,0.137079478787,0.137079478787,0,0.139184840102,-0.135572158088,,-0.135572158088,0,0.0189633341331,1,0,0.400073308786,TRY,ETH,2021-07-01
adaptive_75,haircut_only,base,1,1,1,1,1,1,0,0,0,0.146310860193,0.146310860193,0.146310860193,0,0.153105891433,-0.15010944651,,-0.15010944651,0,0.0185069892014,1,0,0.351549010667,TRY,ETH,2021-07-01
adaptive_75,delayed_stress,base,1,1,1,1,1,0.140000048,0.859999952,0,0,0.182122632528,0.182122632528,0.182122632528,0,0.184919797709,-0.156532080641,,-0.156532080641,0,0.0189633337009,1,0,0.355030154613,TRY,ETH,2021-07-01
adaptive_75,timely,base,1,1,1,1,1,1,0,0,0,0.0816213640142,0.0816213640142,0.0816213640142,0,0.0872451355066,-0.18422293949,,-0.18422293949,0,0.00777429512123,0,0,0.456452927841,TRY,ETH,2021-08-01
adaptive_75,delay_only,base,1,1,1,1,1,0.979999936,0.020000064,0,0,0.118826680924,0.118826680924,0.118826680924,0,0.123054777783,-0.168675312607,,-0.168675312607,0,0.00341412056196,1,0,0.458376810629,TRY,ETH,2021-08-01
adaptive_75,haircut_only,base,1,1,1,1,1,1,0,0,0,0.105744605158,0.105744605158,0.105744605158,0,0.113030485554,-0.186183032991,,-0.186183032991,0,0.00405601374406,1,0,0.428611405319,TRY,ETH,2021-08-01
adaptive_75,delayed_stress,base,1,1,1,1,1,0.979999936,0.020000064,0,0,0.145446522025,0.145446522025,0.145446522025,0,0.150621807392,-0.171122840359,,-0.171122840359,0,0.00259826675719,1,0,0.430941115723,TRY,ETH,2021-08-01
adaptive_75,timely,base,1,1,1,1,1,1,0,0,0,0.0383454602033,0.0383454602033,0.0383454602033,0,0.0396204824238,-0.2473927397,,-0.2473927397,0,0.0229300094656,0,0,0.512199859906,TRY,ETH,2021-09-01
adaptive_75,delay_only,base,1,1,1,1,1,1,0,0,0,0.302511316313,0.302511316313,0.302511316313,0,0.320542012694,0.162098389778,,0.162098389778,0,0.0051878814463,1,0,0.245870341754,TRY,ETH,2021-09-01
adaptive_75,haircut_only,base,1,1,1,1,1,1,0,0,0,0.0812442429732,0.0812442429732,0.0812442429732,0,0.083945689625,-0.251440840377,,-0.251440840377,0,0.00784915801168,0,0,0.454220225682,TRY,ETH,2021-09-01
adaptive_75,delayed_stress,base,1,1,1,1,1,1,0,0,0,0.341283934042,0.341283934042,0.341283934042,0,0.361625609418,0.157739227453,,0.157739227453,0,0.0051878814463,1,0,0.207097724026,TRY,ETH,2021-09-01
adaptive_75,timely,base,1,1,1,1,1,1,0,0,0,0.0138269338328,0.0138269338328,0.0138269338328,0,0.0135836972696,-0.295771803643,,-0.295771803643,0,0.0697937585972,0,0,0.598055622212,TRY,ETH,2021-10-01
adaptive_75,delay_only,base,1,1,1,1,1,1,0,0,0,0.196943901316,0.196943901316,0.196943901316,0,0.194335312627,-0.0457980803916,,-0.0457980803916,0,0.0576662490687,1,0,0.4365040868,TRY,ETH,2021-10-01
adaptive_75,haircut_only,base,1,1,1,1,1,1,0,0,0,0.0517719603252,0.0517719603252,0.0517719603252,0,0.0508612136726,-0.335672904079,,-0.335672904079,0,0.0529518999683,0,0,0.54326873709,TRY,ETH,2021-10-01
adaptive_75,delayed_stress,base,1,1,1,1,1,1,0,0,0,0.229042051937,0.229042051937,0.229042051937,0,0.22600831237,-0.0800481122763,,-0.0800481122763,0,0.0469488117004,1,0,0.393688498811,TRY,ETH,2021-10-01
adaptive_75,timely,base,1,1,1,1,1,1,0,0,0,0,0,0,0,0,-0.288970816837,,-0.288970816837,0,0.08720424488,0,0,0.504737107198,TRY,ETH,2021-11-01
adaptive_75,delay_only,base,1,1,1,1,1,1,0,0,0,0.047065116946,0.047065116946,0.047065116946,0,0.0467816727834,-0.241371192929,,-0.241371192929,0,0.0607489807408,0,0,0.499885393248,TRY,ETH,2021-11-01
adaptive_75,haircut_only,base,1,1,1,1,1,1,0,0,0,0.0181031883863,0.0181031883863,0.0181031883863,0,0.0185887753833,-0.313347901127,,-0.313347901127,0,0.0365933943151,0,0,0.436023068247,TRY,ETH,2021-11-01
adaptive_75,delayed_stress,base,1,1,1,1,1,1,0,0,0,0.0824928613805,0.0824928613805,0.0824928613805,0,0.0819960577702,-0.253897043735,,-0.253897043735,0,0.0197422457321,0,0,0.423450913805,TRY,ETH,2021-11-01
adaptive_75,timely,base,1,1,1,1,1,1,0,0,0,0.0098108827206,0.0098108827206,0.0098108827206,0,0.0105923027484,-0.234810026427,,-0.234810026427,0,0.058106107915,0,0,0.286235496562,TRY,ETH,2021-12-01
adaptive_75,delay_only,base,1,1,1,1,1,1,0,0,0,0.104776762168,0.104776762168,0.104776762168,0,0.103123162275,-0.182303814764,,-0.182303814764,0,0.024336753133,1,0,0.264020997462,TRY,ETH,2021-12-01
adaptive_75,haircut_only,base,1,1,1,1,1,1,0,0,0,0.04304715833,0.04304715833,0.04304715833,0,0.0464757908617,-0.241552677464,,-0.241552677464,0,0.0168645066673,0,0,0.211757619705,TRY,ETH,2021-12-01
adaptive_75,delayed_stress,base,1,1,1,1,1,1,0,0,0,0.162505140513,0.162505140513,0.162505140513,0,0.159940464172,-0.184542400908,,-0.184542400908,0,0.00673353094293,1,0,0.188689396927,TRY,ETH,2021-12-01
adaptive_75,timely,base,1,1,1,1,1,1,0,0,0,0.0307594688676,0.0307594688676,0.0307594688676,0,0.0302418655992,-0.345138562761,,-0.345138562761,0,0.0368995653129,0,0,0.12511508509,TRY,ETH,2022-01-01
adaptive_75,delay_only,base,1,1,1,1,1,1,0,0,0,0.0719225800247,0.0719225800247,0.0719225800247,0,0.0711831051695,-0.257376870237,,-0.257376870237,0,0.0163572474106,0,0,0.0723518744693,TRY,ETH,2022-01-01
adaptive_75,haircut_only,base,1,1,1,1,1,1,0,0,0,0.0660454639557,0.0660454639557,0.0660454639557,0,0.0649340875481,-0.355609143369,,-0.355609143369,0,0.0181953820403,0,0,0.0711249067292,TRY,ETH,2022-01-01
adaptive_75,delayed_stress,base,1,1,1,1,1,1,0,0,0,0.11834428999,0.11834428999,0.11834428999,0,0.117127528485,-0.267774807889,,-0.267774807889,0,0.0125004121029,1,0,0.0220733291964,TRY,ETH,2022-01-01
adaptive_75,timely,base,1,1,1,1,1,1,0,0,0,0.0252189019539,0.0252189019539,0.0252189019539,0,0.0261628358116,-0.240273111817,,-0.240273111817,0,0.0369289787728,0,0,0.210865841896,TRY,ETH,2022-02-01
adaptive_75,delay_only,base,1,1,1,1,1,1,0,0,0,0.263773042871,0.263773042871,0.263773042871,0,0.280623520039,0.13960986382,,0.13960986382,0,0.00828547553319,1,1,-0.0175475182258,TRY,ETH,2022-02-01
adaptive_75,haircut_only,base,1,1,1,1,1,1,0,0,0,0.0736718140803,0.0736718140803,0.0736718140803,0,0.0764293219129,-0.247247979988,,-0.247247979988,0,0.0113458351449,0,0,0.136829786142,TRY,ETH,2022-02-01
adaptive_75,delayed_stress,base,1,1,1,1,1,1,0,0,0,0.314050325883,0.314050325883,0.314050325883,0,0.334112640775,0.132688154424,,0.132688154424,0,0.00828547553319,1,1,-0.067824801238,TRY,ETH,2022-02-01
adaptive_75,timely,base,1,1,1,1,1,1,0,0,0,0.0323328953273,0.0323328953273,0.0323328953273,0,0.0322552682829,-0.291722330473,,-0.291722330473,0,0.0305211801155,0,0,0.238892307763,TRY,ETH,2022-03-01
adaptive_75,delay_only,base,1,1,1,1,1,1,0,0,0,0.29224748124,0.29224748124,0.29224748124,0,0.29793362721,0.12007765225,,0.12007765225,0,0,1,1,-0.0110241038625,TRY,ETH,2022-03-01
adaptive_75,haircut_only,base,1,1,1,1,1,1,0,0,0,0.0815945311576,0.0815945311576,0.0815945311576,0,0.0813986333813,-0.291746031671,,-0.291746031671,0,0.00416572796628,0,0,0.163275219784,TRY,ETH,2022-03-01
adaptive_75,delayed_stress,base,1,1,1,1,1,1,0,0,0,0.344515998469,0.344515998469,0.344515998469,0,0.351219112719,0.12007765225,,0.12007765225,0,0,1,1,-0.063292621091,TRY,ETH,2022-03-01
adaptive_75,timely,base,1,1,1,1,1,1,0,0,0,0.0276649316411,0.0276649316411,0.0276649316411,0,0.0290944728687,-0.2187342556,,-0.2187342556,0,0.0506528503554,0,0,0.160762809553,TRY,ETH,2022-04-01
adaptive_75,delay_only,base,1,1,1,1,1,1,0,0,0,0.222583371542,0.222583371542,0.222583371542,0,0.239587804972,0.124353066358,,0.124353066358,0,0,1,1,-0.0466974129064,TRY,ETH,2022-04-01
adaptive_75,haircut_only,base,1,1,1,1,1,1,0,0,0,0.0682017388627,0.0682017388627,0.0682017388627,0,0.0717259549629,-0.222219224045,,-0.222219224045,0,0.00911928033965,0,0,0.0786924323153,TRY,ETH,2022-04-01
adaptive_75,delayed_stress,base,1,1,1,1,1,1,0,0,0,0.283878656897,0.283878656897,0.283878656897,0,0.305565792328,0.124353066358,,0.124353066358,0,0,1,1,-0.107992698261,TRY,ETH,2022-04-01
adaptive_75,timely,base,1,1,1,1,1,1,0,0,0,0.0429291951771,0.0429291951771,0.0429291951771,0,0.0448998529222,-0.229192279961,,-0.229192279961,0,0.0184789438171,0,0,0.0988995131836,TRY,ETH,2022-05-01
adaptive_75,delay_only,base,1,1,1,1,1,1,0,0,0,0.328603207085,0.328603207085,0.328603207085,0,0.345087000943,0.184490649798,,0.184490649798,0,0,1,1,-0.138947400225,TRY,ETH,2022-05-01
adaptive_75,haircut_only,base,1,1,1,1,1,1,0,0,0,0.0847873956884,0.0847873956884,0.0847873956884,0,0.088679547342,-0.229192279961,,-0.229192279961,0,0.00332072609526,0,0,0.0418830949505,TRY,ETH,2022-05-01
adaptive_75,delayed_stress,base,1,1,1,1,1,1,0,0,0,0.36737483517,0.36737483517,0.36737483517,0,0.385803538607,0.184490649798,,0.184490649798,0,0,1,1,-0.17771902831,TRY,ETH,2022-05-01
adaptive_75,timely,base,1,1,1,1,1,1,0,0,0,0.103361909655,0.103361909655,0.103361909655,0,0.110638973467,-0.156229441819,,-0.156229441819,0,0.0031934074232,1,0,0.0155010990011,TRY,ETH,2022-06-01
adaptive_75,delay_only,base,1,1,1,1,1,1,0,0,0,0.195876399796,0.195876399796,0.195876399796,0,0.192506257032,-0.139658866345,,-0.139658866345,0,0.000455746809183,1,0,0.0277873107366,TRY,ETH,2022-06-01
adaptive_75,haircut_only,base,1,1,1,1,1,1,0,0,0,0.125219554236,0.125219554236,0.125219554236,0,0.134035477719,-0.15655223145,,-0.15655223145,0,0.00124251571081,1,1,-0.00830743729145,TRY,ETH,2022-06-01
adaptive_75,delayed_stress,base,1,1,1,1,1,1,0,0,0,0.219337894669,0.219337894669,0.219337894669,0,0.215564086189,-0.140061927005,,-0.140061927005,0,0.000455746809183,1,0,0.0043258158639,TRY,ETH,2022-06-01
adaptive_75,timely,base,1,1,0.430000009333,0.430000009333,0.430000009333,0.430000009333,0,0,0,0,0,0,0,0,-0.248979036411,-0.186495694759,-0.331805788469,0.569999990667,0.0530738286908,0,0,0.390912354762,TRY,BTC,2020-02-01
adaptive_75,delay_only,base,1,1,0.430000009333,0.430000009333,0.430000009333,0.430000009333,0,0,0,0,0,0,0,0,-0.236981750349,-0.186495694759,-0.303905123815,0.569999990667,0.0525202672243,0,0,0.404232653358,TRY,BTC,2020-02-01
adaptive_75,haircut_only,base,1,1,0.430000009333,0.430000009333,0.430000009333,0.430000009333,0,0,0,0.000163356690518,0.000163356690518,0.000163356690518,0,0.000388631946921,-0.273557513727,-0.186495694759,-0.388965036801,0.569999990667,0.0359569742144,0,0,0.373632143595,TRY,BTC,2020-02-01
adaptive_75,delayed_stress,base,1,1,0.430000009333,0.430000009333,0.430000009333,0.430000009333,0,0,0,0,0,0,0,0,-0.279399770702,-0.186495694759,-0.402551680635,0.569999990667,0.0510167068484,0,0,0.402729092982,TRY,BTC,2020-02-01
adaptive_75,timely,base,1,1,0.879999949333,0.879999949333,0.879999949333,0.879999949333,0,0,0,0.0337045544386,0.0337045544386,0.0337045544386,0,0.0393701893516,-0.281687090414,-0.280943232971,-0.281788525568,0.120000050667,0.0168238234911,0,0,0.148128735296,TRY,BTC,2020-03-01
adaptive_75,delay_only,base,1,1,0.879999949333,0.879999949333,0.879999949333,0.879999949333,0,0,0,0.00765213469854,0.00765213469854,0.00765213469854,0,0.00918757520155,-0.332059142019,-0.280943232971,-0.339029496597,0.120000050667,0.0501273215827,0,0,0.247520953957,TRY,BTC,2020-03-01
adaptive_75,haircut_only,base,1,1,0.879999949333,0.879999949333,0.879999949333,0.879999949333,0,0,0,0.0691287581202,0.0691287581202,0.0691287581202,0,0.0807490958468,-0.281687090414,-0.280943232971,-0.281788525568,0.120000050667,0.00261716689017,0,0,0.0984978750132,TRY,BTC,2020-03-01
adaptive_75,delayed_stress,base,1,1,0.879999949333,0.879999949333,0.879999949333,0.879999949333,0,0,0,0.02622934518,0.02622934518,0.02622934518,0,0.0314923992875,-0.337276230145,-0.280943232971,-0.344958006173,0.120000050667,0.0218448371961,0,0,0.200661259089,TRY,BTC,2020-03-01
adaptive_75,timely,base,1,0,0,0,0,0,0,0,0,0,0,0,0,,-0.216527273649,-0.216527273649,,1,0,0,0,0.491201330982,TRY,BTC,2020-04-01
adaptive_75,delay_only,base,1,0,0,0,0,0,0,0,0,0,0,0,0,,-0.216527273649,-0.216527273649,,1,0,0,0,0.491201330982,TRY,BTC,2020-04-01
adaptive_75,haircut_only,base,1,0,0,0,0,0,0,0,0,0,0,0,0,,-0.216527273649,-0.216527273649,,1,0,0,0,0.491201330982,TRY,BTC,2020-04-01
adaptive_75,delayed_stress,base,1,0,0,0,0,0,0,0,0,0,0,0,0,,-0.216527273649,-0.216527273649,,1,0,0,0,0.491201330982,TRY,BTC,2020-04-01
adaptive_75,timely,base,1,0,0,0,0,0,0,0,0,0,0,0,0,,-0.0681886317238,-0.0681886317238,,1,0,0,0,0.329025039622,TRY,BTC,2020-05-01
adaptive_75,delay_only,base,1,0,0,0,0,0,0,0,0,0,0,0,0,,-0.0681886317238,-0.0681886317238,,1,0,0,0,0.329025039622,TRY,BTC,2020-05-01
adaptive_75,haircut_only,base,1,0,0,0,0,0,0,0,0,0,0,0,0,,-0.0681886317238,-0.0681886317238,,1,0,0,0,0.329025039622,TRY,BTC,2020-05-01
adaptive_75,delayed_stress,base,1,0,0,0,0,0,0,0,0,0,0,0,0,,-0.0681886317238,-0.0681886317238,,1,0,0,0,0.329025039622,TRY,BTC,2020-05-01
adaptive_75,timely,base,1,1,6.66666577778e-08,6.66666577778e-08,6.66666577778e-08,6.66666577778e-08,0,0,0,0,0,0,0,0,-0.0767548601377,-0.076754845848,-0.291100979954,0.999999933333,8.96062588751e-09,0,0,0.347234399585,TRY,BTC,2020-06-01
adaptive_75,delay_only,base,1,1,6.66666577778e-08,6.66666577778e-08,6.66666577778e-08,6.66666577778e-08,0,0,0,0,0,0,0,0,-0.0767548603299,-0.076754845848,-0.293983641602,0.999999933333,8.97096164408e-09,0,0,0.347234400158,TRY,BTC,2020-06-01
adaptive_75,haircut_only,base,1,1,6.66666577778e-08,6.66666577778e-08,6.66666577778e-08,6.66666577778e-08,0,0,0,0,0,0,0,0,-0.0767548672995,-0.076754845848,-0.39852739325,0.999999933333,8.96062588751e-09,0,0,0.347234399585,TRY,BTC,2020-06-01
adaptive_75,delayed_stress,base,1,1,6.66666577778e-08,6.66666577778e-08,6.66666577778e-08,6.66666577778e-08,0,0,0,0,0,0,0,0,-0.0767548675812,-0.076754845848,-0.402753212769,0.999999933333,8.97096164408e-09,0,0,0.347234400158,TRY,BTC,2020-06-01
adaptive_75,timely,base,1,0,0,0,0,0,0,0,0,0,0,0,0,,-0.110420819501,-0.110420819501,,1,0,0,0,0.418995824805,TRY,BTC,2020-07-01
adaptive_75,delay_only,base,1,0,0,0,0,0,0,0,0,0,0,0,0,,-0.110420819501,-0.110420819501,,1,0,0,0,0.418995824805,TRY,BTC,2020-07-01
adaptive_75,haircut_only,base,1,0,0,0,0,0,0,0,0,0,0,0,0,,-0.110420819501,-0.110420819501,,1,0,0,0,0.418995824805,TRY,BTC,2020-07-01
adaptive_75,delayed_stress,base,1,0,0,0,0,0,0,0,0,0,0,0,0,,-0.110420819501,-0.110420819501,,1,0,0,0,0.418995824805,TRY,BTC,2020-07-01
adaptive_75,timely,base,1,0,0,0,0,0,0,0,0,0,0,0,0,,-0.208647579258,-0.208647579258,,1,0,0,0,0.509425567484,TRY,BTC,2020-08-01
adaptive_75,delay_only,base,1,0,0,0,0,0,0,0,0,0,0,0,0,,-0.208647579258,-0.208647579258,,1,0,0,0,0.509425567484,TRY,BTC,2020-08-01
adaptive_75,haircut_only,base,1,0,0,0,0,0,0,0,0,0,0,0,0,,-0.208647579258,-0.208647579258,,1,0,0,0,0.509425567484,TRY,BTC,2020-08-01
adaptive_75,delayed_stress,base,1,0,0,0,0,0,0,0,0,0,0,0,0,,-0.208647579258,-0.208647579258,,1,0,0,0,0.509425567484,TRY,BTC,2020-08-01
adaptive_75,timely,base,1,1,0.0666667244444,0.0666667244444,0.0666667244444,0.0666667244444,0,0,0,0,0,0,0,0,-0.220952378723,-0.219465564176,-0.241767763054,0.933333275556,0.00849334486238,0,0,0.447843368549,TRY,BTC,2020-09-01
adaptive_75,delay_only,base,1,1,0.0666667244444,0.0666667244444,0.0666667244444,0.0666667244444,0,0,0,0,0,0,0,0,-0.221443145417,-0.219465564176,-0.249129257074,0.933333275556,0.00842901683858,0,0,0.45039747194,TRY,BTC,2020-09-01
adaptive_75,haircut_only,base,1,1,0.0666667244444,0.0666667244444,0.0666667244444,0.0666667244444,0,0,0,0,0,0,0,0,-0.227670744694,-0.219465564176,-0.342543165271,0.933333275556,0.00849334486238,0,0,0.447843368549,TRY,BTC,2020-09-01
adaptive_75,delayed_stress,base,1,1,0.0666667244444,0.0666667244444,0.0666667244444,0.0666667244444,0,0,0,0,0,0,0,0,-0.228948955542,-0.219465564176,-0.361716311372,0.933333275556,0.00842901683858,0,0,0.45039747194,TRY,BTC,2020-09-01
adaptive_75,timely,base,1,0,0,0,0,0,0,0,0,0,0,0,0,,-0.223680078461,-0.223680078461,,1,0,0,0,0.442070735716,TRY,BTC,2020-10-01
adaptive_75,delay_only,base,1,0,0,0,0,0,0,0,0,0,0,0,0,,-0.223680078461,-0.223680078461,,1,0,0,0,0.442070735716,TRY,BTC,2020-10-01
adaptive_75,haircut_only,base,1,0,0,0,0,0,0,0,0,0,0,0,0,,-0.223680078461,-0.223680078461,,1,0,0,0,0.442070735716,TRY,BTC,2020-10-01
adaptive_75,delayed_stress,base,1,0,0,0,0,0,0,0,0,0,0,0,0,,-0.223680078461,-0.223680078461,,1,0,0,0,0.442070735716,TRY,BTC,2020-10-01
adaptive_75,timely,base,1,0,0,0,0,0,0,0,0,0,0,0,0,,-0.109909556596,-0.109909556596,,1,0,0,0,0.34867189823,TRY,BTC,2020-11-01
adaptive_75,delay_only,base,1,0,0,0,0,0,0,0,0,0,0,0,0,,-0.109909556596,-0.109909556596,,1,0,0,0,0.34867189823,TRY,BTC,2020-11-01
adaptive_75,haircut_only,base,1,0,0,0,0,0,0,0,0,0,0,0,0,,-0.109909556596,-0.109909556596,,1,0,0,0,0.34867189823,TRY,BTC,2020-11-01
adaptive_75,delayed_stress,base,1,0,0,0,0,0,0,0,0,0,0,0,0,,-0.109909556596,-0.109909556596,,1,0,0,0,0.34867189823,TRY,BTC,2020-11-01
adaptive_75,timely,base,1,0,0,0,0,0,0,0,0,0,0,0,0,,0.025211858526,0.025211858526,,1,0,0,0,0.327754990092,TRY,BTC,2020-12-01
adaptive_75,delay_only,base,1,0,0,0,0,0,0,0,0,0,0,0,0,,0.025211858526,0.025211858526,,1,0,0,0,0.327754990092,TRY,BTC,2020-12-01
adaptive_75,haircut_only,base,1,0,0,0,0,0,0,0,0,0,0,0,0,,0.025211858526,0.025211858526,,1,0,0,0,0.327754990092,TRY,BTC,2020-12-01
adaptive_75,delayed_stress,base,1,0,0,0,0,0,0,0,0,0,0,0,0,,0.025211858526,0.025211858526,,1,0,0,0,0.327754990092,TRY,BTC,2020-12-01
adaptive_75,timely,base,1,0,0,0,0,0,0,0,0,0,0,0,0,,0.187232455924,0.187232455924,,1,0,0,0,0.34394381112,TRY,BTC,2021-01-01
adaptive_75,delay_only,base,1,0,0,0,0,0,0,0,0,0,0,0,0,,0.187232455924,0.187232455924,,1,0,0,0,0.34394381112,TRY,BTC,2021-01-01
adaptive_75,haircut_only,base,1,0,0,0,0,0,0,0,0,0,0,0,0,,0.187232455924,0.187232455924,,1,0,0,0,0.34394381112,TRY,BTC,2021-01-01
adaptive_75,delayed_stress,base,1,0,0,0,0,0,0,0,0,0,0,0,0,,0.187232455924,0.187232455924,,1,0,0,0,0.34394381112,TRY,BTC,2021-01-01
adaptive_75,timely,base,1,1,0.0400000613333,0.0400000613333,0.0400000613333,0.0400000613333,0,0,0,0,0,0,0,0,0.0979278043925,0.115277672369,-0.318468361977,0.959999938667,0.00544242471929,0,0,0.437526508875,TRY,BTC,2021-02-01
adaptive_75,delay_only,base,1,1,0.0400000613333,0.0400000613333,0.0400000613333,0.0400000613333,0,0,0,0,0,0,0,0,0.0944141167614,0.115277672369,-0.406310418063,0.959999938667,0.00564083426702,0,0,0.43877948679,TRY,BTC,2021-02-01
adaptive_75,haircut_only,base,1,1,0.0400000613333,0.0400000613333,0.0400000613333,0.0400000613333,0,0,0,0,0,0,0,0,0.0936072259437,0.115277672369,-0.426482657575,0.959999938667,0.00544242471929,0,0,0.437526508875,TRY,BTC,2021-02-01
adaptive_75,delayed_stress,base,1,1,0.0400000613333,0.0400000613333,0.0400000613333,0.0400000613333,0,0,0,0,0,0,0,0,0.0886704299255,0.115277672369,-0.549902368788,0.959999938667,0.00564083426702,0,0,0.43877948679,TRY,BTC,2021-02-01
adaptive_75,timely,base,1,1,1,1,1,1,0,0,0,0.0543128898752,0.0543128898752,0.0543128898752,0,0.0500564643972,-0.404154402713,,-0.404154402713,0,0.025584428183,0,0,0.333459931248,TRY,BTC,2021-03-01
adaptive_75,delay_only,base,1,1,1,1,1,1,0,0,0,0.125636219212,0.125636219212,0.125636219212,0,0.110636572971,-0.358553385528,,-0.358553385528,0,0.0109960722071,1,0,0.295814322594,TRY,BTC,2021-03-01
adaptive_75,haircut_only,base,1,1,1,1,1,1,0,0,0,0.0924301502789,0.0924301502789,0.0924301502789,0,0.0851865282311,-0.414118690084,,-0.414118690084,0,0.0151458662753,0,0,0.284904108937,TRY,BTC,2021-03-01
adaptive_75,delayed_stress,base,1,1,1,1,1,1,0,0,0,0.173660142211,0.173660142211,0.173660142211,0,0.152926943491,-0.368918602556,,-0.368918602556,0,0.0106929136104,1,0,0.247487240998,TRY,BTC,2021-03-01
adaptive_75,timely,base,1,1,1,1,1,1,0,0,0,0.0148639333251,0.0148639333251,0.0148639333251,0,0.0146289252106,-0.31049767256,,-0.31049767256,0,0.0672129750843,0,0,0.265344413115,TRY,BTC,2021-04-01
adaptive_75,delay_only,base,1,1,1,1,1,1,0,0,0,0.0989165348635,0.0989165348635,0.0989165348635,0,0.0940343916199,-0.166975774842,,-0.166975774842,0,0.000843030495406,0,0,0.161169657738,TRY,BTC,2021-04-01
adaptive_75,haircut_only,base,1,1,1,1,1,1,0,0,0,0.0535298812287,0.0535298812287,0.0535298812287,0,0.0526835402111,-0.335878631508,,-0.335878631508,0,0.0376952235622,0,0,0.197160713689,TRY,BTC,2021-04-01
adaptive_75,delayed_stress,base,1,1,1,1,1,1,0,0,0,0.179761808607,0.179761808607,0.179761808607,0,0.170889450709,-0.166975774842,,-0.166975774842,0,0,1,0,0.079481353499,TRY,BTC,2021-04-01
adaptive_75,timely,base,1,1,1,1,1,1,0,0,0,0.00248803592778,0.00248803592778,0.00248803592778,0,0.0025074565724,-0.309996204484,,-0.309996204484,0,0.0797684894707,0,0,0.205835190892,TRY,BTC,2021-05-01
adaptive_75,delay_only,base,1,1,1,1,1,1,0,0,0,0.0858790501239,0.0858790501239,0.0858790501239,0,0.0852985676464,-0.127772085072,,-0.127772085072,0,0.003392327325,0,0,0.075354101808,TRY,BTC,2021-05-01
adaptive_75,haircut_only,base,1,1,1,1,1,1,0,0,0,0.0282945906177,0.0282945906177,0.0282945906177,0,0.0285154472312,-0.325397087594,,-0.325397087594,0,0.0281981311388,0,0,0.12845827787,TRY,BTC,2021-05-01
adaptive_75,delayed_stress,base,1,1,1,1,1,1,0,0,0,0.161430769014,0.161430769014,0.161430769014,0,0.160339609615,-0.127772085072,,-0.127772085072,0,2.60388886463e-10,1,1,-0.00358994414706,TRY,BTC,2021-05-01
adaptive_75,timely,base,1,1,0.989999934667,0.989999934667,0.989999934667,0.989999934667,0,0,0,0.00296333091152,0.00296333091152,0.00296333091152,0,0.00300533977535,-0.335973711094,0.00326297920517,-0.339400366943,0.0100000653333,0.0855167038635,0,0,0.238120143024,TRY,BTC,2021-06-01
adaptive_75,delay_only,base,1,1,0.989999934667,0.989999934667,0.989999934667,0.929999942667,0.059999992,0,0,0.0208049734788,0.0208049734788,0.0208049734788,0,0.0204285609224,-0.315920167927,0.00326297920517,-0.319144261397,0.0100000653333,0.0464726156194,0,0,0.211344647008,TRY,BTC,2021-06-01
adaptive_75,haircut_only,base,1,1,0.989999934667,0.989999934667,0.989999934667,0.989999934667,0,0,0,0.0266438731229,0.0266438731229,0.0266438731229,0,0.0270215828257,-0.367457372816,0.00326297920517,-0.371202047549,0.0100000653333,0.0448193466961,0,0,0.173742243645,TRY,BTC,2021-06-01
adaptive_75,delayed_stress,base,1,1,0.989999934667,0.989999934667,0.989999934667,0.929999942667,0.059999992,0,0,0.0742721565696,0.0742721565696,0.0742721565696,0,0.0729283926685,-0.347892072027,0.00326297920517,-0.351439116154,0.0100000653333,0.0321114858021,0,0,0.1435163341,TRY,BTC,2021-06-01
adaptive_75,timely,base,1,1,0.929999942667,0.929999942667,0.929999942667,0.929999942667,0,0,0,0.0150515995683,0.0150515995683,0.0150515995683,0,0.0170022558556,-0.233861701622,0.0547597271338,-0.255585914317,0.0700000573333,0.0417794407389,0,0,0.546991346637,TRY,BTC,2021-07-01
adaptive_75,delay_only,base,1,1,0.929999942667,0.929999942667,0.929999942667,0.140000048,0.789999894667,0,0,0.102196583877,0.102196583877,0.102196583877,0,0.112686248463,-0.10831434592,0.0547597271338,-0.120588749326,0.0700000573333,0.0105503290357,1,0,0.464766478694,TRY,BTC,2021-07-01
adaptive_75,haircut_only,base,1,1,0.929999942667,0.929999942667,0.929999942667,0.929999942667,0,0,0,0.0551903535825,0.0551903535825,0.0551903535825,0,0.0623429096762,-0.248311600598,0.0547597271338,-0.271123441055,0.0700000573333,0.0206022840727,0,0,0.485675435957,TRY,BTC,2021-07-01
adaptive_75,delayed_stress,base,1,1,0.929999942667,0.929999942667,0.929999942667,0.140000048,0.789999894667,0,0,0.159208970043,0.159208970043,0.159208970043,0,0.175550501547,-0.113888191949,0.0547597271338,-0.126582132521,0.0700000573333,0.00541810179324,1,0,0.402621865285,TRY,BTC,2021-07-01
adaptive_75,timely,base,1,1,1,1,1,1,0,0,0,0.010575650121,0.010575650121,0.010575650121,0,0.0112377561205,-0.258055085027,,-0.258055085027,0,0.0565179510691,0,0,0.583067318425,TRY,BTC,2021-08-01
adaptive_75,delay_only,base,1,1,1,1,1,0.816666624444,0.183333375556,0,0,0.0914846850486,0.0914846850486,0.0914846850486,0,0.0942504440678,-0.148040963213,,-0.148040963213,0,0.0251055702227,0,0,0.514733009563,TRY,BTC,2021-08-01
adaptive_75,haircut_only,base,1,1,1,1,1,1,0,0,0,0.0443117999197,0.0443117999197,0.0443117999197,0,0.0470860131583,-0.270198085521,,-0.270198085521,0,0.0226832020212,0,0,0.515496419578,TRY,BTC,2021-08-01
adaptive_75,delayed_stress,base,1,1,1,1,1,0.816666624444,0.183333375556,0,0,0.145738590541,0.145738590541,0.145738590541,0,0.150144550085,-0.158703957703,,-0.158703957703,0,0.0171757101568,1,0,0.452549244005,TRY,BTC,2021-08-01
adaptive_75,timely,base,1,1,1,1,1,1,0,0,0,0.0202415338492,0.0202415338492,0.0202415338492,0,0.0208581162763,-0.271790589856,,-0.271790589856,0,0.0451511696215,0,0,0.548256919174,TRY,BTC,2021-09-01
adaptive_75,delay_only,base,1,1,1,1,1,1,0,0,0,0.15706631081,0.15706631081,0.15706631081,0,0.166256776188,-0.0113892940197,,-0.0113892940197,0,0.00957256396904,1,0,0.391543063645,TRY,BTC,2021-09-01
adaptive_75,haircut_only,base,1,1,1,1,1,1,0,0,0,0.061169350455,0.061169350455,0.061169350455,0,0.063032645344,-0.28622343238,,-0.28622343238,0,0.0219686719442,0,0,0.484146604891,TRY,BTC,2021-09-01
adaptive_75,delayed_stress,base,1,1,1,1,1,1,0,0,0,0.21033896169,0.21033896169,0.21033896169,0,0.222646584725,-0.0153927642254,,-0.0153927642254,0,0.00506675406268,1,0,0.333764602859,TRY,BTC,2021-09-01
adaptive_75,timely,base,1,1,1,1,1,1,0,0,0,0.00849269852336,0.00849269852336,0.00849269852336,0,0.00827336489773,-0.329085873512,,-0.329085873512,0,0.0730036905864,0,0,0.622866062314,TRY,BTC,2021-10-01
adaptive_75,delay_only,base,1,1,1,1,1,1,0,0,0,0.116627840102,0.116627840102,0.116627840102,0,0.115804643778,-0.111213968553,,-0.111213968553,0,0.0297137679152,1,0,0.493987894946,TRY,BTC,2021-10-01
adaptive_75,haircut_only,base,1,1,1,1,1,1,0,0,0,0.0452969231012,0.0452969231012,0.0452969231012,0,0.0441270783992,-0.36838689358,,-0.36838689358,0,0.05171624886,0,0,0.56477439601,TRY,BTC,2021-10-01
adaptive_75,delayed_stress,base,1,1,1,1,1,1,0,0,0,0.172225860836,0.172225860836,0.172225860836,0,0.17101023603,-0.130200460107,,-0.130200460107,0,0.024619952698,1,0,0.433296058995,TRY,BTC,2021-10-01
adaptive_75,timely,base,1,1,1,1,1,1,0,0,0,7.16670941884e-10,7.16670941884e-10,7.16670941884e-10,0,7.76132945982e-10,-0.249247009693,,-0.249247009693,0,0.108759390004,0,0,0.459716802554,TRY,BTC,2021-11-01
adaptive_75,delay_only,base,1,1,1,1,1,1,0,0,0,0.0117570682337,0.0117570682337,0.0117570682337,0,0.0118642134878,-0.259215059249,,-0.259215059249,0,0.0636135164463,0,0,0.493367602344,TRY,BTC,2021-11-01
adaptive_75,haircut_only,base,1,1,1,1,1,1,0,0,0,0.00398164905629,0.00398164905629,0.00398164905629,0,0.00431200545651,-0.284111361361,,-0.284111361361,0,0.0572815345669,0,0,0.404257298777,TRY,BTC,2021-11-01
adaptive_75,delayed_stress,base,1,1,1,1,1,1,0,0,0,0.0494438639562,0.0494438639562,0.0494438639562,0,0.0498944588884,-0.276284741896,,-0.276284741896,0,0.0289914322793,0,0,0.421058722454,TRY,BTC,2021-11-01
adaptive_75,timely,base,1,1,1,1,1,1,0,0,0,0.0192503884634,0.0192503884634,0.0192503884634,0,0.0209482923222,-0.223425655458,,-0.223425655458,0,0.0431737680138,0,0,0.254098537797,TRY,BTC,2021-12-01
adaptive_75,delay_only,base,1,1,1,1,1,1,0,0,0,0.0908183519235,0.0908183519235,0.0908183519235,0,0.0896289857545,-0.221881080372,,-0.221881080372,0,0.0204159644776,0,0,0.267696541216,TRY,BTC,2021-12-01
adaptive_75,haircut_only,base,1,1,1,1,1,1,0,0,0,0.0511914298715,0.0511914298715,0.0511914298715,0,0.0557065660976,-0.237234691396,,-0.237234691396,0,0.0226984855846,0,0,0.201682213959,TRY,BTC,2021-12-01
adaptive_75,delayed_stress,base,1,1,1,1,1,1,0,0,0,0.141844391293,0.141844391293,0.141844391293,0,0.139986783038,-0.235358639109,,-0.235358639109,0,0.0187002202087,1,0,0.214954757577,TRY,BTC,2021-12-01
adaptive_75,timely,base,1,1,1,1,1,1,0,0,0,3.65276014258e-10,3.65276014258e-10,3.65276014258e-10,0,3.68605981033e-10,-0.337152503528,,-0.337152503528,0,0.100093776667,0,0,0.249739667137,TRY,BTC,2022-01-01
adaptive_75,delay_only,base,1,1,1,1,1,1,0,0,0,0.0535332873293,0.0535332873293,0.0535332873293,0,0.0548317481147,-0.204867931576,,-0.204867931576,0,0.0600407505612,0,0,0.178349183545,TRY,BTC,2022-01-01
adaptive_75,haircut_only,base,1,1,1,1,1,1,0,0,0,0.0113183664929,0.0113183664929,0.0113183664929,0,0.0114215481497,-0.356481562221,,-0.356481562221,0,0.0357868149542,0,0,0.174114339296,TRY,BTC,2022-01-01
adaptive_75,delayed_stress,base,1,1,1,1,1,1,0,0,0,0.0892420566867,0.0892420566867,0.0892420566867,0,0.0914066409444,-0.216306659603,,-0.216306659603,0,0.0220467817739,0,0,0.1046464454,TRY,BTC,2022-01-01
adaptive_75,timely,base,1,1,1,1,1,1,0,0,0,0.000660085666132,0.000660085666132,0.000660085666132,0,0.000691373163941,-0.280635041465,,-0.280635041465,0,0.0810202931774,0,0,0.29272694671,TRY,BTC,2022-02-01
adaptive_75,delay_only,base,1,1,1,1,1,1,0,0,0,0.102651760572,0.102651760572,0.102651760572,0,0.10868585545,-0.0379412657205,,-0.0379412657205,0,0.000245696711534,1,0,0.152908752175,TRY,BTC,2022-02-01
adaptive_75,haircut_only,base,1,1,1,1,1,1,0,0,0,0.0205258360984,0.0205258360984,0.0205258360984,0,0.0214987432298,-0.288145482848,,-0.288145482848,0,0.0182263006085,0,0,0.210067203709,TRY,BTC,2022-02-01
adaptive_75,delayed_stress,base,1,1,1,1,1,1,0,0,0,0.175061955133,0.175061955133,0.175061955133,0,0.185352479532,-0.0379412728671,,-0.0379412728671,0,8.28546724772e-09,1,0,0.0802528691878,TRY,BTC,2022-02-01
adaptive_75,timely,base,1,1,1,1,1,1,0,0,0,0.00607992838956,0.00607992838956,0.00607992838956,0,0.00608083890461,-0.328814919249,,-0.328814919249,0,0.0621464388757,0,0,0.299670615852,TRY,BTC,2022-03-01
adaptive_75,delay_only,base,1,1,1,1,1,1,0,0,0,0.138988521794,0.138988521794,0.138988521794,0,0.141346935248,-0.0588798608919,,-0.0588798608919,0,6.82194756533e-05,1,0,0.14632896774,TRY,BTC,2022-03-01
adaptive_75,haircut_only,base,1,1,1,1,1,1,0,0,0,0.0431060856044,0.0431060856044,0.0431060856044,0,0.0431125410652,-0.330471782116,,-0.330471782116,0,0.00769643357094,0,0,0.208194453332,TRY,BTC,2022-03-01
adaptive_75,delayed_stress,base,1,1,1,1,1,1,0,0,0,0.213041892581,0.213041892581,0.213041892581,0,0.216656873582,-0.0588798608919,,-0.0588798608919,0,0,1,0,0.0722073774779,TRY,BTC,2022-03-01
adaptive_75,timely,base,1,1,1,1,1,1,0,0,0,0.00198220266171,0.00198220266171,0.00198220266171,0,0.00208395518215,-0.27345001504,,-0.27345001504,0,0.0742329682914,0,0,0.209948890093,TRY,BTC,2022-04-01
adaptive_75,delay_only,base,1,1,1,1,1,1,0,0,0,0.103802567838,0.103802567838,0.103802567838,0,0.11169721276,-0.0243675674273,,-0.0243675674273,0,0.000969322187471,1,0,0.0728396270012,TRY,BTC,2022-04-01
adaptive_75,haircut_only,base,1,1,1,1,1,1,0,0,0,0.0263532245721,0.0263532245721,0.0263532245721,0,0.0277060161275,-0.278715493192,,-0.278715493192,0,0.0142959221912,0,0,0.125640822083,TRY,BTC,2022-04-01
adaptive_75,delayed_stress,base,1,1,1,1,1,1,0,0,0,0.174628083659,0.174628083659,0.174628083659,0,0.187909322674,-0.0243675674273,,-0.0243675674273,0,8.91082889672e-05,1,0,0.00113389728124,TRY,BTC,2022-04-01
adaptive_75,timely,base,1,1,1,1,1,1,0,0,0,0.000630152088171,0.000630152088171,0.000630152088171,0,0.000661128401351,-0.271301875195,,-0.271301875195,0,0.0752011592715,0,0,0.212584189406,TRY,BTC,2022-05-01
adaptive_75,delay_only,base,1,1,1,1,1,1,0,0,0,0.131128752196,0.131128752196,0.131128752196,0,0.135668868639,-0.0297214523945,,-0.0297214523945,0,0,1,0,0.0780818871134,TRY,BTC,2022-05-01
adaptive_75,haircut_only,base,1,1,1,1,1,1,0,0,0,0.0244486561005,0.0244486561005,0.0244486561005,0,0.0256504758555,-0.277944228645,,-0.277944228645,0,0.0162059207286,0,0,0.129770446851,TRY,BTC,2022-05-01
adaptive_75,delayed_stress,base,1,1,1,1,1,1,0,0,0,0.203209253864,0.203209253864,0.203209253864,0,0.210245038612,-0.0297214523945,,-0.0297214523945,0,0,1,0,0.0060013854458,TRY,BTC,2022-05-01
adaptive_75,timely,base,1,1,1,1,1,1,0,0,0,0.000168922359088,0.000168922359088,0.000168922359088,0,0.000172986684143,-0.301355916989,,-0.301355916989,0,0.0874038775322,0,0,0.257466204257,TRY,BTC,2022-06-01
adaptive_75,delay_only,base,1,1,1,1,1,1,0,0,0,0.0323574840121,0.0323574840121,0.0323574840121,0,0.0312665771794,-0.268012794816,,-0.268012794816,0,0.0363321677437,0,0,0.259081691039,TRY,BTC,2022-06-01
adaptive_75,haircut_only,base,1,1,1,1,1,1,0,0,0,0.0197098028413,0.0197098028413,0.0197098028413,0,0.0201840268928,-0.319670460467,,-0.319670460467,0,0.0328823692598,0,0,0.183403815502,TRY,BTC,2022-06-01
adaptive_75,delayed_stress,base,1,1,1,1,1,1,0,0,0,0.0894062354775,0.0894062354775,0.0894062354775,0,0.0863919753723,-0.271516820219,,-0.271516820219,0,0.0078787671963,0,0,0.173579539026,TRY,BTC,2022-06-01
