rate_rule,mechanism,distribution,paths,probability_any_liquidation,expected_liquidated_exposure_share,position_liquidation_probability,breach_exposure_share,executed_by_month12_share,pending_at_month12_share,terminal_undercollateralized_share,terminal_undercollateralized_debt_ratio,mean_bad_debt_ratio,bad_debt_cvar_99,bad_debt_var_99,mc_se_bad_debt,bad_debt_per_liquidated_debt,financing_effect_all,financing_effect_survivors,financing_effect_liquidated,survivor_exposure_share,mean_penalty_ratio,reserve_breach_10pct,accounting_capital_deficit_probability,mean_final_accounting_equity_ratio,currency,collateral,replicate
adaptive_75,timely,base,2000,0.813,0.645663331945,0.645663331945,0.645663331945,0.645663331945,0,0,0,0.0237679826808,0.181953157768,0.169882252177,0.000807621608274,0.0366010595034,-0.209978775812,-0.0468075028217,-0.299526319141,0.354336668055,0.0371958272067,0.044,0.0195,0.321006919604,ARS,ETH,0
adaptive_75,timely,base,2000,0.395,0.311145000714,0.311145000714,0.311145000714,0.311145000714,0,0,0,0.0251113431222,0.188978890684,0.179484571216,0.00106125126513,0.0812743004979,-0.108291041741,-0.048571367698,-0.240506555169,0.688854999286,0.00906631784685,0.1055,0.056,0.392626821556,ARS,ETH,1
adaptive_75,timely,base,2000,0.77,0.610581666722,0.610581666722,0.610581666722,0.610581666722,0,0,0,0.0224288918255,0.171434897681,0.148638515141,0.000878928614677,0.0365765896226,-0.197515334968,-0.0457054902521,-0.294337005067,0.389418333278,0.0415593307325,0.074,0.0255,0.332826678416,ARS,ETH,2
adaptive_75,timely,base,2000,0.747,0.562693333308,0.562693333308,0.562693333308,0.562693333308,0,0,0,0.0121573793849,0.0787682913266,0.0722189635747,0.000475359205424,0.0213179373759,-0.210161305312,-0.0551511647359,-0.330630064876,0.437306666692,0.0397841873427,0.0005,0,0.387271543758,ARS,ETH,3
adaptive_75,timely,base,2000,0.5325,0.37372833667,0.37372833667,0.37372833667,0.37372833667,0,0,0,0.0211500969863,0.177403222652,0.151635796398,0.00094969089509,0.0567217670169,-0.131300492056,-0.0476289760017,-0.271512229811,0.62627166333,0.0170458899758,0.099,0.055,0.349988217298,ARS,ETH,4
adaptive_75,timely,base,2000,0.724,0.512195004907,0.512195004907,0.512195004907,0.512195004907,0,0,0,0.0215366696571,0.185094265532,0.172779152672,0.000869198998848,0.0417161017877,-0.177933572183,-0.0525212905549,-0.297373896352,0.487804995093,0.0268923436281,0.06,0.026,0.346229384716,ARS,ETH,5
adaptive_75,timely,base,2000,0.6505,0.416855000819,0.416855000819,0.416855000819,0.416855000819,0,0,0,0.00877493884482,0.089941170169,0.0796310703477,0.000400822958025,0.020818451161,-0.171198374356,-0.0579293338954,-0.329652211725,0.583144999181,0.028974604909,0.001,0,0.394792740345,ARS,ETH,6
adaptive_75,timely,base,2000,0.6155,0.420131671949,0.420131671949,0.420131671949,0.420131671949,0,0,0,0.0288062348042,0.204960896473,0.197232235806,0.00111833161797,0.068577293531,-0.138238814034,-0.0512568373779,-0.258291875353,0.579868328051,0.0154858229893,0.116,0.0445,0.39436340329,ARS,ETH,7
adaptive_75,timely,base,2000,0.8415,0.707563332058,0.707563332058,0.707563332058,0.707563332058,0,0,0,0.0271608581929,0.195994683131,0.17803308834,0.000906722111503,0.0378340325356,-0.23618466755,-0.0599163465406,-0.30903654967,0.292436667942,0.0418050098994,0.085,0.024,0.346391392256,ARS,ETH,8
adaptive_75,timely,base,2000,0.553,0.363493337534,0.363493337534,0.363493337534,0.363493337534,0,0,0,0.0127894875249,0.150191346953,0.143591216233,0.000698391319396,0.0350393535042,-0.143517938142,-0.0548692847984,-0.298749004698,0.636506662466,0.025155848665,0.047,0.0175,0.367029472963,ARS,ETH,9
adaptive_75,timely,base,2000,0.635,0.43284999992,0.43284999992,0.43284999992,0.43284999992,0,0,0,0.0185114106407,0.123722568529,0.104767409357,0.000752539367513,0.0422041469354,-0.168988576365,-0.0573134305464,-0.315313074393,0.56715000008,0.0222861684625,0.066,0,0.342045958891,ARS,ETH,10
adaptive_75,timely,base,2000,0.7895,0.622393332781,0.622393332781,0.622393332781,0.622393332781,0,0,0,0.0258928468195,0.181312604347,0.156028559568,0.000850006867661,0.0412703210458,-0.2076243307,-0.0545459378932,-0.300497147111,0.377606667219,0.0313487067328,0.071,0.026,0.272285708128,ARS,ETH,11
adaptive_75,timely,base,2000,0.3005,0.117611671785,0.117611671785,0.117611671785,0.117611671785,0,0,0,0.0022930349232,0.0621899595949,0.0580808755972,0.000234304189322,0.0195089635043,-0.0824573122095,-0.0505286715263,-0.322003774282,0.882388328215,0.00878570504921,0,0,0.434003890989,ARS,ETH,12
adaptive_75,timely,base,2000,0.6485,0.406696672507,0.406696672507,0.406696672507,0.406696672507,0,0,0,0.0181046184282,0.182192180778,0.159713662201,0.000884751797968,0.0440195616574,-0.154146128342,-0.0568857529666,-0.296032965005,0.593303327493,0.0274506967216,0.059,0.0265,0.410931008718,ARS,ETH,13
adaptive_75,timely,base,2000,0.9395,0.837738331802,0.837738331802,0.837738331802,0.837738331802,0,0,0,0.0357218223145,0.185210298075,0.17090658877,0.00100227556286,0.0423790180315,-0.248964104184,-0.0438422190783,-0.288694194115,0.162261668198,0.0514959132448,0.0925,0.051,0.282259024126,ARS,ETH,14
adaptive_75,timely,base,2000,0.3165,0.155648339214,0.155648339214,0.155648339214,0.155648339214,0,0,0,0.0106918392046,0.196604073045,0.172266684409,0.000764118496481,0.0685224678901,-0.0861447926521,-0.0516694745334,-0.273164405304,0.844351660786,0.00505677656692,0.0465,0.026,0.446537091458,ARS,ETH,15
adaptive_75,timely,base,2000,0.9225,0.801554997893,0.801554997893,0.801554997893,0.801554997893,0,0,0,0.0406960862329,0.202016393742,0.19655426165,0.0010739882335,0.0503268697249,-0.244804409433,-0.056370276811,-0.291455995343,0.198445002107,0.0338231682147,0.136,0.0485,0.271612324972,ARS,ETH,16
adaptive_75,timely,base,2000,0.359,0.163006670166,0.163006670166,0.163006670166,0.163006670166,0,0,0,0.00771230450268,0.112708206382,0.104767409357,0.000558439508481,0.0470467092961,-0.0884244705239,-0.0468993036389,-0.301644504205,0.836993329834,0.00832539920533,0.0535,0,0.417604149041,ARS,ETH,17
adaptive_75,timely,base,2000,0.8295,0.704759995199,0.704759995199,0.704759995199,0.704759995199,0,0,0,0.0398713241469,0.203931210243,0.199050142822,0.00128833141222,0.0563186096656,-0.209936850152,-0.0562471788239,-0.274320951988,0.295240004801,0.0375632251233,0.166,0.053,0.310499888043,ARS,ETH,18
adaptive_75,timely,base,2000,0.5735,0.273030008829,0.273030008829,0.273030008829,0.273030008829,0,0,0,0.00312320147046,0.0689821432871,0.0580808755972,0.000262794180569,0.0113637678822,-0.12836292592,-0.0522601508419,-0.33099425558,0.726969991171,0.0258581759766,0,0,0.469646247781,ARS,ETH,19
adaptive_75,timely,base,2000,0.5815,0.379200001307,0.379200001307,0.379200001307,0.379200001307,0,0,0,0.0174674709001,0.189937648769,0.181147081938,0.000862802083153,0.0459511527086,-0.14334389314,-0.0518212884528,-0.293178367491,0.620799998693,0.0197032897422,0.0575,0.0235,0.36381095367,ARS,ETH,20
adaptive_75,timely,base,2000,0.606,0.38309833902,0.38309833902,0.38309833902,0.38309833902,0,0,0,0.0300385088001,0.209310113195,0.208712999158,0.00123347716776,0.0779491928389,-0.127180220618,-0.0510061268693,-0.249843046767,0.61690166098,0.0174450320016,0.144,0.0655,0.357314174081,ARS,ETH,21
adaptive_75,timely,base,2000,0.608,0.448320000257,0.448320000257,0.448320000257,0.448320000257,0,0,0,0.02994581685,0.175040207143,0.174359937222,0.00115029597149,0.0666218378231,-0.147742440247,-0.0477499548816,-0.270788153731,0.551679999743,0.0177678482712,0.164,0.035,0.325865951335,ARS,ETH,22
adaptive_75,timely,base,2000,0.3825,0.182805004559,0.182805004559,0.182805004559,0.182805004559,0,0,0,0.0051599731469,0.093038855464,0.0667811061233,0.000322074223509,0.0274311211185,-0.112477258501,-0.0576959216172,-0.357366803256,0.817194995441,0.0099476638929,0.0015,0,0.462489262173,ARS,ETH,23
adaptive_75,timely,base,2000,0.546,0.318040004661,0.318040004661,0.318040004661,0.318040004661,0,0,0,0.00596760769444,0.0870085684407,0.0648165813865,0.000358306857632,0.0186298246825,-0.138949710068,-0.0514560938217,-0.326558643703,0.681959995339,0.024098940481,0.003,0,0.457666754947,ARS,ETH,24
adaptive_75,timely,base,2000,0.268,0.0388633460182,0.0388633460182,0.0388633460182,0.0388633460182,0,0,0,0.000784468784761,0.0381262289051,0.0320545579499,0.000122698928231,0.0201448872852,-0.0637902746602,-0.0538412287393,-0.309841983698,0.961136653982,0.00284915380049,0,0,0.461989454728,ARS,ETH,25
adaptive_75,timely,base,2000,0.713,0.566495001067,0.566495001067,0.566495001067,0.566495001067,0,0,0,0.0333562286802,0.194043303846,0.178803508411,0.00106556168921,0.0591925279403,-0.168799286953,-0.043435218451,-0.264732967356,0.433504998933,0.0233320724459,0.113,0.0415,0.324286973361,ARS,ETH,26
adaptive_75,timely,base,2000,0.215,0.095705003706,0.095705003706,0.095705003706,0.095705003706,0,0,0,0.00294837958617,0.106418076983,0.104767409357,0.000336897436467,0.0309218954083,-0.0695226344483,-0.0436433457044,-0.314050197403,0.904294996294,0.00483764287448,0.0195,0,0.433342143568,ARS,ETH,27
adaptive_75,timely,base,2000,0.6185,0.426480003436,0.426480003436,0.426480003436,0.426480003436,0,0,0,0.0336819132255,0.187274932059,0.17560045935,0.00118658979875,0.0787224023711,-0.137487510463,-0.0528050525367,-0.251366432306,0.573519996564,0.0152110183054,0.17,0.054,0.367722626015,ARS,ETH,28
adaptive_75,timely,base,2000,0.6085,0.453191669541,0.453191669541,0.453191669541,0.453191669541,0,0,0,0.029961350694,0.197148129689,0.184692438919,0.00111036261545,0.0663564016023,-0.145377780017,-0.0504207456849,-0.259950268652,0.546808330459,0.0170624946118,0.114,0.0775,0.353732043177,ARS,ETH,29
adaptive_75,timely,base,2000,0.731,0.625069996424,0.625069996424,0.625069996424,0.625069996424,0,0,0,0.0336812601389,0.196844645329,0.187119308309,0.00108812307165,0.0538657554513,-0.190230643872,-0.0468738681042,-0.276219023988,0.374930003576,0.0272911503209,0.118,0.0795,0.303021028461,ARS,ETH,30
adaptive_75,timely,base,2000,0.696,0.480045001827,0.480045001827,0.480045001827,0.480045001827,0,0,0,0.0311837260298,0.182123723881,0.170364411308,0.00111594918477,0.0643147878841,-0.164529065601,-0.0591511501188,-0.27866789351,0.519954998173,0.0193566938392,0.16,0.0595,0.338283234397,ARS,ETH,31
adaptive_75,timely,base,2000,0.796,0.621303334193,0.621303334193,0.621303334193,0.621303334193,0,0,0,0.0311942561596,0.192086214917,0.173394852913,0.000973529687515,0.0494868105948,-0.207336808908,-0.0579333935035,-0.298401144411,0.378696665807,0.0298611614775,0.1185,0.02,0.349778480794,ARS,ETH,32
adaptive_75,timely,base,2000,0.7255,0.564104998719,0.564104998719,0.564104998719,0.564104998719,0,0,0,0.021328250336,0.150343958879,0.140534557051,0.000825586561041,0.0370935621754,-0.200687766707,-0.0521597842699,-0.315458253127,0.435895001281,0.0356984921319,0.0705,0,0.369729331094,ARS,ETH,33
adaptive_75,timely,base,2000,0.655,0.454385004015,0.454385004015,0.454385004015,0.454385004015,0,0,0,0.0163335240416,0.179997489255,0.153471571899,0.00078234140846,0.0361727220813,-0.156193225447,-0.0471603211656,-0.287117413318,0.545614995985,0.0273566837149,0.0475,0.0245,0.404965817381,ARS,ETH,34
adaptive_75,timely,base,2000,0.335,0.17684667012,0.17684667012,0.17684667012,0.17684667012,0,0,0,0.00307821257538,0.0594367710186,0.0580808755972,0.0002453618426,0.0171496284144,-0.10411148991,-0.0524006489626,-0.344805594512,0.82315332988,0.0126456079225,0,0,0.42531310879,ARS,ETH,35
adaptive_75,timely,base,2000,0.644,0.472290000361,0.472290000361,0.472290000361,0.472290000361,0,0,0,0.0227539952385,0.176417141747,0.163663454927,0.000925372868949,0.0477613121548,-0.165355145129,-0.0510666260022,-0.293054639806,0.527709999639,0.0270204260826,0.083,0.0245,0.367891774186,ARS,ETH,36
adaptive_75,timely,base,2000,0.597,0.414235002802,0.414235002802,0.414235002802,0.414235002802,0,0,0,0.0215380875447,0.189722851222,0.170920189726,0.000897028691419,0.0516165654881,-0.151696410223,-0.0535635707933,-0.290464940224,0.585764997198,0.0179630677288,0.084,0.0295,0.330814563899,ARS,ETH,37
adaptive_75,timely,base,2000,0.689,0.532414997178,0.532414997178,0.532414997178,0.532414997178,0,0,0,0.0153609231167,0.115988968489,0.104767409357,0.000586565498032,0.0286583156469,-0.192226519523,-0.0493253378388,-0.31772720939,0.467585002822,0.0293967468971,0.0305,0,0.335919373415,ARS,ETH,38
adaptive_75,timely,base,2000,0.594,0.340268334798,0.340268334798,0.340268334798,0.340268334798,0,0,0,0.00774045014224,0.088459285673,0.0746799469955,0.000414827732588,0.0222397539406,-0.157616590769,-0.0628371040052,-0.341380468377,0.659731665202,0.0237559202166,0.002,0,0.463777533296,ARS,ETH,39
adaptive_75,timely,base,2000,0.6385,0.474413335445,0.474413335445,0.474413335445,0.474413335445,0,0,0,0.0289753320687,0.190432142865,0.180776774722,0.00109232399238,0.0609054907379,-0.155275997929,-0.0475791373837,-0.274589747117,0.525586664555,0.0177584886739,0.1225,0.0505,0.332505050426,ARS,ETH,40
adaptive_75,timely,base,2000,0.67,0.504768335531,0.504768335531,0.504768335531,0.504768335531,0,0,0,0.0259937360028,0.184650872621,0.167156792802,0.00103270468355,0.0510984648837,-0.171188249571,-0.0525244894866,-0.287610075748,0.495231664469,0.0261536913189,0.093,0.067,0.375873567793,ARS,ETH,41
adaptive_75,timely,base,2000,0.444,0.274438331908,0.274438331908,0.274438331908,0.274438331908,0,0,0,0.0105422671905,0.11827406936,0.113193894423,0.000611199197561,0.0381285987391,-0.119741668456,-0.0483337486875,-0.308530344665,0.725561668092,0.0155439704453,0.0535,0,0.369212359588,ARS,ETH,42
adaptive_75,timely,base,2000,0.8475,0.702815000425,0.702815000425,0.702815000425,0.702815000425,0,0,0,0.0448672266885,0.202379505717,0.18812487418,0.00120653969748,0.0635028591191,-0.200556281078,-0.0559028877736,-0.261722901884,0.297184999575,0.0342645349943,0.1935,0.072,0.35297970458,ARS,ETH,43
adaptive_75,timely,base,2000,0.6175,0.45782167069,0.45782167069,0.45782167069,0.45782167069,0,0,0,0.0118591768942,0.0669160839505,0.0612151412533,0.000443647661,0.0255298271465,-0.175182790909,-0.0524614046011,-0.320516401042,0.54217832931,0.0280090160998,0,0,0.344986248639,ARS,ETH,44
adaptive_75,timely,base,2000,0.5805,0.374703333473,0.374703333473,0.374703333473,0.374703333473,0,0,0,0.025099715257,0.156584662836,0.143591216233,0.00102204617326,0.0667759825208,-0.135574667902,-0.0532648012726,-0.272931559683,0.625296666527,0.0151947755641,0.1625,0.0235,0.398809953267,ARS,ETH,45
adaptive_75,timely,base,2000,0.726,0.496943334441,0.496943334441,0.496943334441,0.496943334441,0,0,0,0.0137509698687,0.126418625396,0.104767409357,0.000586863400228,0.0271691263713,-0.191808373251,-0.0542267683788,-0.331082488813,0.503056665559,0.0339662898418,0.0315,0,0.375333569337,ARS,ETH,46
adaptive_75,timely,base,2000,0.4335,0.245721672904,0.245721672904,0.245721672904,0.245721672904,0,0,0,0.0144547131406,0.189996175235,0.172277314828,0.000803503923644,0.0589203829932,-0.105672379096,-0.0519739492257,-0.270507500768,0.754278327096,0.00940752591103,0.052,0.023,0.418207574918,ARS,ETH,47
adaptive_75,timely,base,2000,0.7925,0.595636670648,0.595636670648,0.595636670648,0.595636670648,0,0,0,0.0297029241232,0.20666004703,0.197482200362,0.000994253478681,0.0489931398908,-0.204922331218,-0.0635034721519,-0.300928174213,0.404363329352,0.0291398369753,0.0765,0.0195,0.37488005412,ARS,ETH,48
adaptive_75,timely,base,2000,0.7,0.407736675202,0.407736675202,0.407736675202,0.407736675202,0,0,0,0.01695579163,0.190128916406,0.177958636718,0.000888753900366,0.0409574110485,-0.156441333994,-0.0564605786698,-0.301669708495,0.592263324798,0.0287798759834,0.0615,0.0225,0.444349387007,ARS,ETH,49
adaptive_75,timely,base,2000,0.144,0.0341916717078,0.0341916717078,0.0341916717078,0.0341916717078,0,0,0,0.000896700628186,0.0320545579499,0.0320545579499,0.000117407620908,0.0260312078909,-0.0615875629899,-0.0522542287248,-0.325225212563,0.965808328292,0.00173294427747,0,0,0.488917251917,ARS,ETH,50
adaptive_75,timely,base,2000,0.2475,0.0648866764484,0.0648866764484,0.0648866764484,0.0648866764484,0,0,0,0.000964847770837,0.041792111648,0.0320545579499,0.000136081796103,0.0146086662365,-0.0704522911879,-0.0522269384498,-0.333106677336,0.935113323552,0.00590073138812,0,0,0.436442005345,ARS,ETH,51
adaptive_75,timely,base,2000,0.651,0.390420009177,0.390420009177,0.390420009177,0.390420009177,0,0,0,0.0225072475839,0.200816774991,0.185037323261,0.00100168228511,0.0575766721228,-0.138183674428,-0.0543087545846,-0.269141288451,0.609579990823,0.0179868774979,0.1045,0.032,0.406321115759,ARS,ETH,52
adaptive_75,timely,base,2000,0.575,0.47962833255,0.47962833255,0.47962833255,0.47962833255,0,0,0,0.03256406103,0.191465221393,0.172001615762,0.00110761016565,0.0682347230568,-0.143527320457,-0.0404727388092,-0.255336154195,0.52037166745,0.0169775677725,0.144,0.0455,0.33070972626,ARS,ETH,53
adaptive_75,timely,base,2000,0.7215,0.549108333286,0.549108333286,0.549108333286,0.549108333286,0,0,0,0.0214110292471,0.161784986645,0.146790320866,0.00081468920192,0.0386568773293,-0.193824221023,-0.0572844385823,-0.305941714686,0.450891666714,0.0297449617607,0.0675,0.0275,0.306076716415,ARS,ETH,54
adaptive_75,timely,base,2000,0.814,0.614245002834,0.614245002834,0.614245002834,0.614245002834,0,0,0,0.0306791256475,0.207819201716,0.197481178031,0.00107055737629,0.0493274846371,-0.201518425083,-0.0607002047509,-0.289954361776,0.385754997166,0.0348597791259,0.107,0.0275,0.400970597782,ARS,ETH,55
adaptive_75,timely,base,2000,0.5525,0.327245002101,0.327245002101,0.327245002101,0.327245002101,0,0,0,0.0161954421956,0.134932114232,0.132334069018,0.00076187539947,0.0489074103076,-0.134236578524,-0.0511199428556,-0.305108957615,0.672754997899,0.0147217285176,0.0785,0,0.380733292477,ARS,ETH,56
adaptive_75,timely,base,2000,0.3735,0.188691672941,0.188691672941,0.188691672941,0.188691672941,0,0,0,0.00834923282398,0.14839183384,0.121747788173,0.000571796205304,0.0435218276302,-0.104693742313,-0.0566342249051,-0.311332891033,0.811308327059,0.0091289110552,0.039,0,0.470575993328,ARS,ETH,57
adaptive_75,timely,base,2000,0.53,0.225135008749,0.225135008749,0.225135008749,0.225135008749,0,0,0,0.00344144027762,0.0760465263635,0.0619225502317,0.000288076455257,0.0150799578642,-0.121669029326,-0.0594149786854,-0.335933726198,0.774864991251,0.0197976810162,0,0,0.473559282949,ARS,ETH,58
adaptive_75,timely,base,2000,0.728,0.525398335514,0.525398335514,0.525398335514,0.525398335514,0,0,0,0.0312900817723,0.197459077596,0.184632699592,0.00115800166504,0.0592030439936,-0.17008507723,-0.0551843718975,-0.273876928698,0.474601664486,0.0280558118619,0.1355,0.0245,0.371093281155,ARS,ETH,59
adaptive_75,timely,base,2000,0.6655,0.42112167245,0.42112167245,0.42112167245,0.42112167245,0,0,0,0.0264574366508,0.204762027624,0.195427605705,0.00110426327327,0.0620542978026,-0.150991166888,-0.0581963545978,-0.278547902288,0.57887832755,0.0212828692856,0.1255,0.023,0.426215709351,ARS,ETH,60
adaptive_75,timely,base,2000,0.5625,0.350220005371,0.350220005371,0.350220005371,0.350220005371,0,0,0,0.0190198207854,0.1551908662,0.140534557051,0.000818780969831,0.0532242447002,-0.143675558192,-0.0579600148775,-0.302707722032,0.649779994629,0.0146580067616,0.0765,0,0.405409487293,ARS,ETH,61
adaptive_75,timely,base,2000,0.5265,0.329331672022,0.329331672022,0.329331672022,0.329331672022,0,0,0,0.0157918988936,0.118119531011,0.114818710636,0.000752134372973,0.0470599957082,-0.137740323578,-0.054984899473,-0.306267819201,0.670668327978,0.0185251973526,0.0615,0,0.432956612363,ARS,ETH,62
adaptive_75,timely,base,2000,0.657,0.451328335656,0.451328335656,0.451328335656,0.451328335656,0,0,0,0.0114058474085,0.0902000852822,0.0767205991106,0.000428731682657,0.0249364705194,-0.178241607965,-0.0521140387439,-0.331572604175,0.548671664344,0.0258011125259,0.002,0,0.329034246174,ARS,ETH,63
adaptive_75,timely,base,2000,0.6085,0.393418332178,0.393418332178,0.393418332178,0.393418332178,0,0,0,0.00929239928092,0.127978549966,0.104767409357,0.000538363412105,0.0231826972552,-0.164971100774,-0.0516516938477,-0.339689636306,0.606581667822,0.0304750080684,0.0355,0,0.424826355876,ARS,ETH,64
adaptive_75,timely,base,2000,0.896,0.795543329228,0.795543329228,0.795543329228,0.795543329228,0,0,0,0.0246620496006,0.142011349261,0.140534557051,0.000766074653354,0.0308260381959,-0.258041428924,-0.0448741021527,-0.312825977229,0.204456670772,0.0456396185631,0.064,0,0.269209808212,ARS,ETH,65
adaptive_75,timely,base,2000,0.4305,0.161806675726,0.161806675726,0.161806675726,0.161806675726,0,0,0,0.00149777359594,0.0438847612855,0.0320545579499,0.000150640787489,0.00909356887732,-0.104779769401,-0.0570632999753,-0.351961326964,0.838193324274,0.0160764269158,0,0,0.432958091881,ARS,ETH,66
adaptive_75,timely,base,2000,0.698,0.528689997241,0.528689997241,0.528689997241,0.528689997241,0,0,0,0.0163957161546,0.131119835303,0.104767409357,0.000666698143382,0.0309620516841,-0.187587648147,-0.0472897918809,-0.312658641297,0.471310002759,0.0308881479975,0.0565,0,0.35557377497,ARS,ETH,67
adaptive_75,timely,base,2000,0.5345,0.306570007224,0.306570007224,0.306570007224,0.306570007224,0,0,0,0.0138126832584,0.182307392268,0.160123522839,0.000824501715925,0.0449813077765,-0.122644555934,-0.053476057253,-0.279096623684,0.693429992776,0.0222420897898,0.057,0.025,0.411369696897,ARS,ETH,68
adaptive_75,timely,base,2000,0.372,0.245958335139,0.245958335139,0.245958335139,0.245958335139,0,0,0,0.0124313310602,0.165054821897,0.149061500715,0.000699963090873,0.0498227855787,-0.114252901351,-0.0538600464212,-0.299401043827,0.754041664861,0.0117881938328,0.047,0,0.448565552421,ARS,ETH,69
adaptive_75,timely,base,2000,0.434,0.144865011318,0.144865011318,0.144865011318,0.144865011318,0,0,0,0.00458960922061,0.118959470048,0.104767409357,0.00046914970595,0.0315920717231,-0.0930122039271,-0.0568093344167,-0.306716949658,0.855134988682,0.0124685678796,0.0335,0,0.481534551993,ARS,ETH,70
adaptive_75,timely,base,2000,0.426,0.146476678403,0.146476678403,0.146476678403,0.146476678403,0,0,0,0.00160644862579,0.0494397432286,0.0320545579499,0.000160637920423,0.0109055229489,-0.0953077196457,-0.0565975455863,-0.32087288608,0.853523321597,0.0137616245257,0,0,0.493414414594,ARS,ETH,71
adaptive_75,timely,base,2000,0.5415,0.403721660804,0.403721660804,0.403721660804,0.403721660804,0,0,0,0.0117900991309,0.111774292353,0.104767409357,0.000587824235117,0.0291723605529,-0.155697778178,-0.0480659633583,-0.314665022238,0.596278339196,0.0231658242549,0.047,0,0.34900751068,ARS,ETH,72
adaptive_75,timely,base,2000,0.333,0.206685002909,0.206685002909,0.206685002909,0.206685002909,0,0,0,0.0124042419353,0.169778139277,0.143591216233,0.000749408113038,0.0603789507517,-0.0915642339656,-0.0460242024278,-0.266359644753,0.793314997091,0.00741056123259,0.0455,0.029,0.371096498204,ARS,ETH,73
adaptive_75,timely,base,2000,0.7335,0.563366667384,0.563366667384,0.563366667384,0.563366667384,0,0,0,0.0215567139181,0.193565717668,0.184597904734,0.000875584491465,0.0380286464466,-0.1900046674,-0.0507390172819,-0.297941519986,0.436633332616,0.0331848629135,0.0555,0.021,0.336620184166,ARS,ETH,74
adaptive_75,timely,base,2000,0.778,0.66034833232,0.66034833232,0.66034833232,0.66034833232,0,0,0,0.0438372219875,0.209824810659,0.201218255361,0.00117854858813,0.0657739718453,-0.20375738606,-0.0630719579187,-0.276119256224,0.33965166768,0.0224640915796,0.17,0.074,0.327800866609,ARS,ETH,75
adaptive_75,timely,base,2000,0.648,0.445690002441,0.445690002441,0.445690002441,0.445690002441,0,0,0,0.0232645416906,0.191792954592,0.180818363955,0.000965695898879,0.051916047231,-0.154771714077,-0.0496458763036,-0.285517978432,0.554309997559,0.0222366186007,0.0965,0.0335,0.351182304453,ARS,ETH,76
adaptive_75,timely,base,2000,0.499,0.309528334363,0.309528334363,0.309528334363,0.309528334363,0,0,0,0.00808312657826,0.0830288019899,0.0672542351884,0.000402886326099,0.025802173264,-0.140885318427,-0.0578119129795,-0.326198991722,0.690471665637,0.0183610518775,0,0,0.372103509271,ARS,ETH,77
adaptive_75,timely,base,2000,0.76,0.502050000227,0.502050000227,0.502050000227,0.502050000227,0,0,0,0.0151422448657,0.143788264428,0.118413687446,0.000689409775651,0.0297065947099,-0.190804403671,-0.0605083563032,-0.320036386,0.497949999773,0.0340144046536,0.0425,0,0.461111024792,ARS,ETH,78
adaptive_75,timely,base,2000,0.7455,0.603301666126,0.603301666126,0.603301666126,0.603301666126,0,0,0,0.0415497598733,0.189198773607,0.176207577479,0.00118450615093,0.0684935806038,-0.182612119194,-0.0466617788844,-0.272005662289,0.396698333874,0.0204009757328,0.1735,0.072,0.303460518297,ARS,ETH,79
adaptive_75,timely,base,2000,0.5185,0.353059997625,0.353059997625,0.353059997625,0.353059997625,0,0,0,0.0230036714416,0.173650501345,0.172559687965,0.00101217379649,0.0648537397028,-0.130545481046,-0.0493628744968,-0.279302848143,0.646940002375,0.0134868281618,0.1215,0.02,0.384645169269,ARS,ETH,80
adaptive_75,timely,base,2000,0.804,0.658416666011,0.658416666011,0.658416666011,0.658416666011,0,0,0,0.0352192085247,0.191198928861,0.18027449,0.00107398173638,0.0533320847071,-0.200510787746,-0.052360702199,-0.277370324821,0.341583333989,0.0305063959219,0.1325,0.05,0.272633160755,ARS,ETH,81
adaptive_75,timely,base,2000,0.692,0.488125001417,0.488125001417,0.488125001417,0.488125001417,0,0,0,0.0243198991448,0.198083176177,0.186032358919,0.000980154819957,0.0495898400735,-0.167200300213,-0.0507316923202,-0.289335753893,0.511874998583,0.0240899522478,0.11,0.0225,0.366622507996,ARS,ETH,82
adaptive_75,timely,base,2000,0.3425,0.163086674322,0.163086674322,0.163086674322,0.163086674322,0,0,0,0.0128609126408,0.176473400529,0.167156792802,0.000887653830272,0.0795283582896,-0.0793194642018,-0.0483561060409,-0.238214402494,0.836913325678,0.00631052838612,0.0645,0.0515,0.369322360074,ARS,ETH,83
adaptive_75,timely,base,2000,0.831,0.710904998413,0.710904998413,0.710904998413,0.710904998413,0,0,0,0.037179208409,0.189863770199,0.182790949432,0.00106679106081,0.0518516597419,-0.224509324677,-0.0603425064791,-0.291269027695,0.289095001587,0.0301548079692,0.1255,0.053,0.270445549508,ARS,ETH,84
adaptive_75,timely,base,2000,0.7115,0.53437500205,0.53437500205,0.53437500205,0.53437500205,0,0,0,0.0289456676202,0.198300042654,0.17942258946,0.00101020969587,0.0530775587128,-0.191351635616,-0.0650159376141,-0.301433617178,0.46562499795,0.024444505965,0.1205,0,0.383409522563,ARS,ETH,85
adaptive_75,timely,base,2000,0.738,0.550873336017,0.550873336017,0.550873336017,0.550873336017,0,0,0,0.0305692044474,0.187132350731,0.172862980071,0.00109258464261,0.0551971354954,-0.17678642259,-0.051875847256,-0.278625931471,0.449126663983,0.0286422812094,0.115,0.0735,0.316203217162,ARS,ETH,86
adaptive_75,timely,base,2000,0.8535,0.696923334277,0.696923334277,0.696923334277,0.696923334277,0,0,0,0.0451395076932,0.204428578171,0.198807032168,0.00125097184608,0.0638172383679,-0.214091941802,-0.06030991522,-0.280968370776,0.303076665723,0.0308631277791,0.1745,0.0515,0.312948706725,ARS,ETH,87
adaptive_75,timely,base,2000,0.8685,0.763344999254,0.763344999254,0.763344999254,0.763344999254,0,0,0,0.0487670755618,0.198609168148,0.184197407565,0.00119479432556,0.0634233873204,-0.218094506865,-0.0541979465584,-0.268906316257,0.236655000746,0.0314802821763,0.2055,0.076,0.294692469051,ARS,ETH,88
adaptive_75,timely,base,2000,0.487,0.304435002209,0.304435002209,0.304435002209,0.304435002209,0,0,0,0.0125779023392,0.136662097818,0.121313291445,0.000652895683238,0.0412500306372,-0.123470853222,-0.0476564561437,-0.29668957168,0.695564997791,0.0161737296696,0.0545,0,0.359212731261,ARS,ETH,89
adaptive_75,timely,base,2000,0.4135,0.189626672183,0.189626672183,0.189626672183,0.189626672183,0,0,0,0,0,0,0,0,-0.103890102845,-0.0518357237067,-0.326345519922,0.810373327817,0.024096958359,0,0,0.524867312721,ARS,ETH,90
adaptive_75,timely,base,2000,0.27,0.127480002503,0.127480002503,0.127480002503,0.127480002503,0,0,0,0.00327697152487,0.10963429125,0.104767409357,0.000351806611388,0.0258071618437,-0.0769070665397,-0.0440162688128,-0.30202377651,0.872519997497,0.0104943809572,0.0165,0,0.410632980169,ARS,ETH,91
adaptive_75,timely,base,2000,0.3,0.0925266750964,0.0925266750964,0.0925266750964,0.0925266750964,0,0,0,0.000782581278823,0.0456777628416,0.0150702002256,0.00013119022002,0.00845337723417,-0.080228577767,-0.056337734921,-0.314542656054,0.907473324904,0.00941721028465,0,0,0.503492017996,ARS,ETH,92
adaptive_75,timely,base,2000,0.6885,0.52227666393,0.52227666393,0.52227666393,0.52227666393,0,0,0,0.0145804642965,0.11958512019,0.107712998468,0.000664059344659,0.0278345907949,-0.181800571819,-0.0458898116681,-0.306117330027,0.47772333607,0.0384234534034,0.0635,0,0.390479420639,ARS,ETH,93
adaptive_75,timely,base,2000,0.2755,0.10567334001,0.10567334001,0.10567334001,0.10567334001,0,0,0,0.00847865858634,0.157844065334,0.143591216233,0.000676007366085,0.080065293563,-0.071033399329,-0.0484808273435,-0.261898629632,0.89432665999,0.00300230751615,0.0525,0.018,0.45508579345,ARS,ETH,94
adaptive_75,timely,base,2000,0.578,0.44289666418,0.44289666418,0.44289666418,0.44289666418,0,0,0,0.0268987570712,0.158744604109,0.143591216233,0.00097559492873,0.0604620740378,-0.154126248316,-0.051934576278,-0.282669373585,0.55710333582,0.0162210736408,0.1255,0.0485,0.378152018383,ARS,ETH,95
adaptive_75,timely,base,2000,0.677,0.509763332165,0.509763332165,0.509763332165,0.509763332165,0,0,0,0.0188988623914,0.161242548634,0.143591216233,0.000826316488738,0.0367012998232,-0.183921573322,-0.0533275981562,-0.309513100184,0.490236667835,0.0305391660557,0.06,0.027,0.370109193538,ARS,ETH,96
adaptive_75,timely,base,2000,0.59,0.433453330406,0.433453330406,0.433453330406,0.433453330406,0,0,0,0.0181587527747,0.184552705243,0.156780085328,0.000819129908255,0.0419167309837,-0.153288685992,-0.0484949359424,-0.290259718213,0.566546669594,0.0225844697547,0.0555,0.0265,0.33972742998,ARS,ETH,97
adaptive_75,timely,base,2000,0.657,0.450860001119,0.450860001119,0.450860001119,0.450860001119,0,0,0,0.0193507491715,0.188737529461,0.156096727239,0.000877097330045,0.04270317579,-0.161137442611,-0.0546134161846,-0.290881938924,0.549139998881,0.028156735689,0.081,0.0235,0.36868577493,ARS,ETH,98
adaptive_75,timely,base,2000,0.6175,0.352583338756,0.352583338756,0.352583338756,0.352583338756,0,0,0,0.0135032932274,0.131990381636,0.104767409357,0.000615864628539,0.0372805270927,-0.156113525491,-0.0599899082818,-0.332616565991,0.647416661244,0.0196289773888,0.0345,0,0.41791058348,ARS,ETH,99
adaptive_75,timely,base,2000,0.682,0.55482500189,0.55482500189,0.55482500189,0.55482500189,0,0,0,0.0251764543122,0.166083972558,0.143888048256,0.000829860252965,0.0461550355238,-0.188316033242,-0.0988762263627,-0.260079860976,0.44517499811,0.0242595450477,0.105,0,0.31322061551,TRY,ETH,0
adaptive_75,timely,base,2000,0.477,0.2585033363,0.2585033363,0.2585033363,0.2585033363,0,0,0,0.0111982298695,0.113129251724,0.0910780978663,0.000588436600143,0.0436792275686,-0.132930571918,-0.0780861748146,-0.290247448587,0.7414966637,0.0108268788759,0.0055,0,0.438321965657,TRY,ETH,1
adaptive_75,timely,base,2000,0.445,0.26917666911,0.26917666911,0.26917666911,0.26917666911,0,0,0,0.00545065608931,0.0886183862181,0.0562891996721,0.000295015477366,0.0202487958215,-0.162414602596,-0.103806503683,-0.321537479798,0.73082333089,0.0157039905601,0.004,0,0.406485157819,TRY,ETH,2
adaptive_75,timely,base,2000,0.512,0.306566670258,0.306566670258,0.306566670258,0.306566670258,0,0,0,0.0111275909182,0.138166021874,0.110254806402,0.000643395869233,0.0370266759463,-0.196615485139,-0.162502652882,-0.273776432996,0.693433329742,0.0182788292191,0.062,0,0.300392852145,TRY,ETH,3
adaptive_75,timely,base,2000,0.4395,0.34120333464,0.34120333464,0.34120333464,0.34120333464,0,0,0,0.0195254829266,0.1585925245,0.146617172156,0.000838822679137,0.0594039771982,-0.132111416961,-0.0860018726886,-0.221139896239,0.65879666536,0.0109272596131,0.0945,0,0.373887138804,TRY,ETH,4
adaptive_75,timely,base,2000,0.5,0.328753337233,0.328753337233,0.328753337233,0.328753337233,0,0,0,0.0117123211267,0.160857053597,0.135521694823,0.000633055892677,0.0361657528102,-0.155680415463,-0.0971460121454,-0.275195621649,0.671246662767,0.0174550757737,0.044,0,0.448138883756,TRY,ETH,5
adaptive_75,timely,base,2000,0.588,0.345808339559,0.345808339559,0.345808339559,0.345808339559,0,0,0,0.0134489651296,0.160766878882,0.144170041853,0.000789273752663,0.0396459362052,-0.150563629105,-0.0920153475279,-0.261323819534,0.654191660441,0.0234013876763,0.0845,0,0.329261324955,TRY,ETH,6
adaptive_75,timely,base,2000,0.5825,0.305478342003,0.305478342003,0.305478342003,0.305478342003,0,0,0,0.00835150252424,0.105006260521,0.0910941298701,0.000514969315331,0.0271820513705,-0.14548085173,-0.0721858087746,-0.3121211262,0.694521657997,0.0231215429608,0.0045,0,0.351286174705,TRY,ETH,7
adaptive_75,timely,base,2000,0.3565,0.174670005811,0.174670005811,0.174670005811,0.174670005811,0,0,0,0.00370654419105,0.0717917191124,0.0712404891929,0.000283962477358,0.021184731914,-0.12690545838,-0.0847919248268,-0.325895332124,0.825329994189,0.0115191675495,0,0,0.438011706725,TRY,ETH,8
adaptive_75,timely,base,2000,0.1585,0.0546250034833,0.0546250034833,0.0546250034833,0.0546250034833,0,0,0,0.00280069307637,0.0946807032094,0.0910780978663,0.000353196797344,0.0520689732375,-0.147860006872,-0.140876272989,-0.268724940039,0.945374996517,0.00322601269788,0.001,0,0.436812754265,TRY,ETH,9
adaptive_75,timely,base,2000,0.8705,0.786431664609,0.786431664609,0.786431664609,0.786431664609,0,0,0,0.0210894928272,0.141905956172,0.131439349863,0.000632553963139,0.0272453936067,-0.243605272469,-0.0999608697805,-0.282614251063,0.213568335391,0.0451583225875,0.0415,0,0.286264772723,TRY,ETH,10
adaptive_75,timely,base,2000,0.347,0.11982167649,0.11982167649,0.11982167649,0.11982167649,0,0,0,0.00433269914146,0.108186091864,0.103361909655,0.000406774258132,0.0368434093662,-0.142148380355,-0.123908617998,-0.276132847296,0.88017832351,0.0066081071542,0.028,0,0.437573366631,TRY,ETH,11
adaptive_75,timely,base,2000,0.5185,0.249928340443,0.249928340443,0.249928340443,0.249928340443,0,0,0,0.00247567518392,0.0485109744983,0.0306086613039,0.000171676292696,0.00979072893619,-0.166134449655,-0.107959515524,-0.340725971811,0.750071659557,0.0217629713569,0,0,0.425163792464,TRY,ETH,12
adaptive_75,timely,base,2000,0.6505,0.462596666554,0.462596666554,0.462596666554,0.462596666554,0,0,0,0.0139671497096,0.1599628232,0.134959106729,0.000659952163599,0.0306732505691,-0.157944355793,-0.0529169237596,-0.279955810175,0.537403333446,0.0290048358508,0.0505,0,0.40619912171,TRY,ETH,13
adaptive_75,timely,base,2000,0.305,0.163655004279,0.163655004279,0.163655004279,0.163655004279,0,0,0,0.00368353767875,0.11046670704,0.0756159397172,0.000307672672998,0.0227750571669,-0.148231107183,-0.11994218213,-0.292799255324,0.836344995721,0.010539035129,0.0065,0,0.392175169273,TRY,ETH,14
adaptive_75,timely,base,2000,0.7685,0.568028338263,0.568028338263,0.568028338263,0.568028338263,0,0,0,0.0256619787511,0.168714956394,0.143139322181,0.000869316355723,0.0452002005307,-0.205600689261,-0.107309109184,-0.280349032469,0.431971661737,0.0288468199698,0.0955,0,0.345372350628,TRY,ETH,15
adaptive_75,timely,base,2000,0.8265,0.651620001951,0.651620001951,0.651620001951,0.651620001951,0,0,0,0.0175572613048,0.141886625736,0.115633429042,0.000663685351412,0.0270723126591,-0.224177057895,-0.0835482035721,-0.299362411089,0.348379998049,0.0433942390362,0.0405,0,0.362032605411,TRY,ETH,16
adaptive_75,timely,base,2000,0.5245,0.386648336147,0.386648336147,0.386648336147,0.386648336147,0,0,0,0.0193802980274,0.161053130109,0.144405622829,0.000798116636018,0.05158331745,-0.153861818203,-0.0966066158198,-0.244687435082,0.613351663853,0.0152793892015,0.0835,0,0.347367053391,TRY,ETH,17
adaptive_75,timely,base,2000,0.494,0.208820009791,0.208820009791,0.208820009791,0.208820009791,0,0,0,0.00447907073005,0.116406614644,0.103361909655,0.000441853372565,0.021419005119,-0.158651069861,-0.11915964823,-0.30827668577,0.791179990209,0.0198836781842,0.031,0,0.398708418611,TRY,ETH,18
adaptive_75,timely,base,2000,0.7755,0.641506667866,0.641506667866,0.641506667866,0.641506667866,0,0,0,0.0284437493242,0.161694892821,0.145622027384,0.00087005009794,0.0453343422229,-0.184827244769,-0.0552381266779,-0.257245564141,0.358493332134,0.031282624165,0.112,0,0.347940036221,TRY,ETH,19
adaptive_75,timely,base,2000,0.6705,0.526274999563,0.526274999563,0.526274999563,0.526274999563,0,0,0,0.0244589465063,0.163795513139,0.142680010962,0.000830643129401,0.0481290485243,-0.15549511349,-0.0588424213422,-0.242496769788,0.473725000437,0.0194135335778,0.1015,0,0.337725556756,TRY,ETH,20
adaptive_75,timely,base,2000,0.96,0.889286665328,0.889286665328,0.889286665328,0.889286665328,0,0,0,0.0455648820686,0.192590670608,0.187391782344,0.00101990313752,0.0532481743103,-0.201936170979,0.0150763200319,-0.228953529365,0.110713334672,0.0344945266521,0.2035,0,0.293846498012,TRY,ETH,21
adaptive_75,timely,base,2000,0.816,0.633923331744,0.633923331744,0.633923331744,0.633923331744,0,0,0,0.0152143238126,0.136131562834,0.117587615511,0.000599212062769,0.0240347410491,-0.213738656513,-0.0469818225192,-0.310037030687,0.366076668256,0.0418385097144,0.022,0,0.412019536357,TRY,ETH,22
adaptive_75,timely,base,2000,0.6925,0.498465005705,0.498465005705,0.498465005705,0.498465005705,0,0,0,0.0283341164317,0.15321139666,0.149621691445,0.00100537999988,0.0585768373416,-0.147747077698,-0.0686390017442,-0.227342371186,0.501534994295,0.0224965560607,0.1535,0,0.318900249081,TRY,ETH,23
adaptive_75,timely,base,2000,0.724,0.495560003825,0.495560003825,0.495560003825,0.495560003825,0,0,0,0.0130674958038,0.15834262837,0.140047915677,0.000702859078246,0.026261552918,-0.181202945574,-0.0601809759467,-0.304393520731,0.504439996175,0.0414921152798,0.0485,0,0.419248341309,TRY,ETH,24
adaptive_75,timely,base,2000,0.461,0.285853336286,0.285853336286,0.285853336286,0.285853336286,0,0,0,0.00702904864793,0.113561847034,0.103361909655,0.000474592977027,0.0251268913416,-0.140951115907,-0.0817845179232,-0.288766877313,0.714146663714,0.018921809261,0.034,0,0.433446999253,TRY,ETH,25
adaptive_75,timely,base,2000,0.4965,0.223141674381,0.223141674381,0.223141674381,0.223141674381,0,0,0,0.00279138682987,0.063973994367,0.0356258806955,0.000209888122975,0.0125513554859,-0.127832977387,-0.0713361864476,-0.324524171596,0.776858325619,0.0178565164382,0.001,0,0.440169045196,TRY,ETH,26
adaptive_75,timely,base,2000,0.569,0.376663336978,0.376663336978,0.376663336978,0.376663336978,0,0,0,0.0125406782087,0.141863247951,0.123819135286,0.000602594840388,0.0339143096148,-0.19118772177,-0.140828175241,-0.274527268265,0.623336663022,0.0205218505504,0.0445,0,0.311665362298,TRY,ETH,27
adaptive_75,timely,base,2000,0.375,0.19467167501,0.19467167501,0.19467167501,0.19467167501,0,0,0,0.0126596613231,0.156378370711,0.125447124547,0.000731637376878,0.0680291556033,-0.108226361042,-0.0839851233794,-0.208508825461,0.80532832499,0.00592769274456,0.075,0,0.393079121576,TRY,ETH,28
adaptive_75,timely,base,2000,0.886,0.77237833175,0.77237833175,0.77237833175,0.77237833175,0,0,0,0.0317507845572,0.140578238341,0.12710737714,0.00088018759728,0.0413744640103,-0.231925062222,-0.0888909913442,-0.274077531409,0.22762166825,0.0455615189097,0.112,0,0.248518435167,TRY,ETH,29
adaptive_75,timely,base,2000,0.476,0.273558337892,0.273558337892,0.273558337892,0.273558337892,0,0,0,0.0148295651077,0.128375515685,0.114536925127,0.000756584535294,0.0545646124546,-0.134505863566,-0.0796184443477,-0.280260909281,0.726441662108,0.0126076794843,0.0605,0,0.429548646083,TRY,ETH,30
adaptive_75,timely,base,2000,0.729,0.604639998215,0.604639998215,0.604639998215,0.604639998215,0,0,0,0.0381485125421,0.173654901029,0.154360840332,0.000994755067654,0.0652283872384,-0.156190662994,-0.0498238360684,-0.225741451905,0.395360001785,0.0174518357946,0.14,0,0.354445423061,TRY,ETH,31
adaptive_75,timely,base,2000,0.796,0.632416667578,0.632416667578,0.632416667578,0.632416667578,0,0,0,0.0282201091357,0.164255126336,0.148170988747,0.00090056101846,0.0454918321993,-0.199543616903,-0.103117500581,-0.25558994678,0.367583332422,0.0295549463536,0.091,0,0.29200226162,TRY,ETH,32
adaptive_75,timely,base,2000,0.673,0.48572499487,0.48572499487,0.48572499487,0.48572499487,0,0,0,0.0128261710165,0.135810787566,0.134692318588,0.000647409752231,0.0263595298962,-0.215518747563,-0.128626398264,-0.307518467267,0.51427500513,0.0344031368567,0.025,0,0.300436415349,TRY,ETH,33
adaptive_75,timely,base,2000,0.8815,0.705598335387,0.705598335387,0.705598335387,0.705598335387,0,0,0,0.0377158340906,0.204710659581,0.177535144789,0.00107458540131,0.0543258639706,-0.189463323608,-0.0391457423834,-0.252181365748,0.294401664613,0.0330867752753,0.202,0,0.333004821708,TRY,ETH,34
adaptive_75,timely,base,2000,0.449,0.258956669472,0.258956669472,0.258956669472,0.258956669472,0,0,0,0.00401812771669,0.0816717100688,0.0440675054646,0.000255126669576,0.0155173240854,-0.158522308202,-0.100588547907,-0.324308448277,0.741043330528,0.0178007457357,0.002,0,0.417362982444,TRY,ETH,35
adaptive_75,timely,base,2000,0.574,0.338738338602,0.338738338602,0.338738338602,0.338738338602,0,0,0,0.00811659738941,0.113257021718,0.103361909655,0.000487744037799,0.0240260437482,-0.134059027883,-0.0440278509078,-0.309811692641,0.661261661398,0.0229267636196,0.0335,0,0.514922396515,TRY,ETH,36
adaptive_75,timely,base,2000,0.786,0.643030003863,0.643030003863,0.643030003863,0.643030003863,0,0,0,0.0368532052056,0.196937326566,0.182624138794,0.00100600162637,0.0594174153858,-0.16001810397,-0.0477540559109,-0.222340074269,0.356969996137,0.0230699788134,0.1695,0,0.330159310495,TRY,ETH,37
adaptive_75,timely,base,2000,0.808,0.632263332732,0.632263332732,0.632263332732,0.632263332732,0,0,0,0.0147541450126,0.161671062456,0.139065163178,0.000703158681894,0.023094461052,-0.227443576835,-0.0793532439153,-0.313575798433,0.367736667268,0.0545669735826,0.0575,0,0.377343093865,TRY,ETH,38
adaptive_75,timely,base,2000,0.6125,0.464846667754,0.464846667754,0.464846667754,0.464846667754,0,0,0,0.0256291285613,0.142691997996,0.128694353924,0.000912727549053,0.0569198157837,-0.172894896966,-0.11466845279,-0.239927916211,0.535153332246,0.0167800544502,0.1235,0,0.321803214911,TRY,ETH,39
adaptive_75,timely,base,2000,0.547,0.280765009865,0.280765009865,0.280765009865,0.280765009865,0,0,0,0.00478026041002,0.0974653253931,0.0714364191347,0.000310010331575,0.0169997967402,-0.112547944888,-0.032208580084,-0.318353085209,0.719234990135,0.0194761342625,0.004,0,0.42964384294,TRY,ETH,40
adaptive_75,timely,base,2000,0.6905,0.411016674364,0.411016674364,0.411016674364,0.411016674364,0,0,0,0.0127728500234,0.149391646757,0.129119382555,0.000641796581471,0.0314812294405,-0.146938578435,-0.0534158417325,-0.280955848102,0.588983325636,0.0278939842771,0.0475,0,0.391531618913,TRY,ETH,41
adaptive_75,timely,base,2000,0.5175,0.210140010648,0.210140010648,0.210140010648,0.210140010648,0,0,0,0.00760513135128,0.132731311374,0.103361909655,0.00054592962016,0.0364949612804,-0.108830154171,-0.0594705306441,-0.294359752237,0.789859989352,0.0121073784921,0.031,0,0.475666940555,TRY,ETH,42
adaptive_75,timely,base,2000,0.6515,0.406335005189,0.406335005189,0.406335005189,0.406335005189,0,0,0,0.0142963985811,0.17982675219,0.157634982196,0.000715594666665,0.0354449252153,-0.143127240484,-0.0456624251947,-0.285525626851,0.593664994811,0.0240183173038,0.033,0,0.42817086731,TRY,ETH,43
adaptive_75,timely,base,2000,0.5595,0.339551670726,0.339551670726,0.339551670726,0.339551670726,0,0,0,0.0135027113049,0.142751060664,0.126570362691,0.000678959553399,0.0406970566667,-0.181842655293,-0.138538387952,-0.266072047993,0.660448329274,0.0179306027946,0.052,0,0.309990878936,TRY,ETH,44
adaptive_75,timely,base,2000,0.5185,0.262125005217,0.262125005217,0.262125005217,0.262125005217,0,0,0,0.00336540455822,0.060253078261,0.0307151545713,0.000206025060033,0.0126993492367,-0.150442390326,-0.0825385543784,-0.341589902384,0.737874994783,0.0204119959015,0,0,0.421632567974,TRY,ETH,45
adaptive_75,timely,base,2000,0.4805,0.256365004918,0.256365004918,0.256365004918,0.256365004918,0,0,0,0.00815533802293,0.126203386587,0.103361909655,0.000563983142078,0.0321791617758,-0.172787455101,-0.132732801409,-0.288973524298,0.743634995082,0.0182148419278,0.027,0,0.371704864315,TRY,ETH,46
adaptive_75,timely,base,2000,0.574,0.356261673132,0.356261673132,0.356261673132,0.356261673132,0,0,0,0.0120116214829,0.162909397007,0.13442275102,0.000638286765546,0.0342005159911,-0.145694541631,-0.070666849355,-0.281263997277,0.643738326868,0.0202645153986,0.046,0,0.439177359711,TRY,ETH,47
adaptive_75,timely,base,2000,0.586,0.28497834537,0.28497834537,0.28497834537,0.28497834537,0,0,0,0.00997577075732,0.148148034679,0.122941830187,0.00062524004446,0.035403407087,-0.16334637284,-0.119517549081,-0.273314581281,0.71502165463,0.0222686141609,0.046,0,0.386790641638,TRY,ETH,48
adaptive_75,timely,base,2000,0.695,0.451676672843,0.451676672843,0.451676672843,0.451676672843,0,0,0,0.0119813706316,0.171764326619,0.149308015408,0.000668256770882,0.0263944066882,-0.171992983497,-0.0628196050632,-0.304526527289,0.548323327157,0.0351525835251,0.048,0,0.438719590986,TRY,ETH,49
adaptive_75,timely,base,2000,0.645,0.419636670115,0.419636670115,0.419636670115,0.419636670115,0,0,0,0.01612220728,0.133482498899,0.118025959423,0.00078989027869,0.0377053855645,-0.171674512595,-0.0683896202569,-0.31451894997,0.580363329885,0.0306124036406,0.069,0,0.436920208582,TRY,ETH,50
adaptive_75,timely,base,2000,0.51,0.2782466758,0.2782466758,0.2782466758,0.2782466758,0,0,0,0.00976635868832,0.14641099813,0.1333622354,0.000606811207794,0.0355663313768,-0.152709826418,-0.105154930302,-0.276064056095,0.7217533242,0.0177678018378,0.046,0,0.382914829526,TRY,ETH,51
adaptive_75,timely,base,2000,0.5765,0.357488337468,0.357488337468,0.357488337468,0.357488337468,0,0,0,0.0125155509247,0.155592679488,0.137241974577,0.000683506669216,0.0350793226417,-0.145324547725,-0.0649387050685,-0.289801544582,0.642511662532,0.0246338977596,0.0425,0,0.400000027844,TRY,ETH,52
adaptive_75,timely,base,2000,0.6975,0.498041665661,0.498041665661,0.498041665661,0.498041665661,0,0,0,0.00481240884941,0.115138519114,0.0910780978663,0.000389277028642,0.00951508278988,-0.181146937363,-0.0228731919272,-0.340665369466,0.501958334339,0.0524962121515,0.007,0,0.401773936808,TRY,ETH,53
adaptive_75,timely,base,2000,0.7315,0.571923328377,0.571923328377,0.571923328377,0.571923328377,0,0,0,0.0115120331542,0.122035597148,0.103196327201,0.000498315175259,0.020453643157,-0.187112432418,-0.0379114885758,-0.298787267617,0.428076671623,0.0385266306858,0.0105,0,0.376584982068,TRY,ETH,54
adaptive_75,timely,base,2000,0.7295,0.585936669508,0.585936669508,0.585936669508,0.585936669508,0,0,0,0.0321013347846,0.166538211025,0.1413381536,0.000952637899307,0.0556704438042,-0.197100976226,-0.113154589293,-0.256423292723,0.414063330492,0.0237960283872,0.117,0,0.279526695151,TRY,ETH,55
adaptive_75,timely,base,2000,0.8365,0.657254998799,0.657254998799,0.657254998799,0.657254998799,0,0,0,0.0185582538877,0.154426037376,0.127796880301,0.000727227850283,0.0283777225236,-0.209933502418,-0.0361778289085,-0.300543522326,0.342745001201,0.0431660562087,0.0495,0,0.342900221782,TRY,ETH,56
adaptive_75,timely,base,2000,0.9185,0.804985000435,0.804985000435,0.804985000435,0.804985000435,0,0,0,0.0335855093494,0.176716824624,0.15575270258,0.000924242777718,0.0423913770914,-0.224309480298,-0.0605218480612,-0.263988536445,0.195014999565,0.043077682112,0.13,0,0.251563285511,TRY,ETH,57
adaptive_75,timely,base,2000,0.6965,0.45480167096,0.45480167096,0.45480167096,0.45480167096,0,0,0,0.0102104044234,0.106726383312,0.103361909655,0.000557108254003,0.022198810444,-0.191085604568,-0.0775052217629,-0.327241293677,0.54519832904,0.0366377260193,0.0305,0,0.346045459901,TRY,ETH,58
adaptive_75,timely,base,2000,0.861,0.729939999141,0.729939999141,0.729939999141,0.729939999141,0,0,0,0.0269167827158,0.190850928547,0.17163767396,0.000909865022241,0.0374277855911,-0.210621012866,-0.0422116156848,-0.272928383336,0.270060000859,0.0411535513083,0.093,0,0.327251576025,TRY,ETH,59
adaptive_75,timely,base,2000,0.5215,0.223096678354,0.223096678354,0.223096678354,0.223096678354,0,0,0,0.00445507784332,0.0966942407918,0.0910780978663,0.000386582721577,0.0197820154699,-0.179370156176,-0.138869203537,-0.320409121291,0.776903321646,0.0195990143463,0.002,0,0.352871109789,TRY,ETH,60
adaptive_75,timely,base,2000,0.6675,0.46764667138,0.46764667138,0.46764667138,0.46764667138,0,0,0,0.0217875306335,0.166373239667,0.149744370485,0.000851475679144,0.0480912752511,-0.122243578651,-0.01835393218,-0.240508077241,0.53235332862,0.0223777053342,0.0645,0,0.378674931716,TRY,ETH,61
adaptive_75,timely,base,2000,0.7955,0.66040000368,0.66040000368,0.66040000368,0.66040000368,0,0,0,0.0402535090394,0.2090591294,0.187490762717,0.00110239125841,0.0627907148266,-0.172397539907,-0.071532792468,-0.224265601186,0.33959999632,0.0246333516487,0.216,0,0.340271459625,TRY,ETH,62
adaptive_75,timely,base,2000,0.7275,0.501811668958,0.501811668958,0.501811668958,0.501811668958,0,0,0,0.0141612764638,0.135963132805,0.107737273858,0.000661597212083,0.0280983117892,-0.196382509492,-0.0770025010694,-0.314900532955,0.498188331042,0.0327896449466,0.069,0,0.348937576093,TRY,ETH,63
adaptive_75,timely,base,2000,0.315,0.128061672258,0.128061672258,0.128061672258,0.128061672258,0,0,0,0.00373135621571,0.0936139732884,0.0910780978663,0.000366210491764,0.0284789119229,-0.147793579575,-0.120079281875,-0.336492961404,0.871938327742,0.00996211198783,0.001,0,0.300495601949,TRY,ETH,64
adaptive_75,timely,base,2000,0.64,0.452961669405,0.452961669405,0.452961669405,0.452961669405,0,0,0,0.0192479196364,0.152759854587,0.139670406899,0.000781309184297,0.0433718681462,-0.170396886944,-0.0925516731546,-0.264409953993,0.547038330595,0.0222021292131,0.057,0,0.389425154891,TRY,ETH,65
adaptive_75,timely,base,2000,0.5095,0.328040002128,0.328040002128,0.328040002128,0.328040002128,0,0,0,0.0098196865296,0.112485111547,0.103361909655,0.000488483104019,0.0307692532009,-0.17103176586,-0.118054673352,-0.27955050363,0.671959997872,0.015408776526,0.0235,0,0.410276376433,TRY,ETH,66
adaptive_75,timely,base,2000,0.533,0.395730001836,0.395730001836,0.395730001836,0.395730001836,0,0,0,0.0148362068959,0.147243430675,0.134810858654,0.000659608554538,0.0374440728013,-0.173299831809,-0.0931351969233,-0.295709261346,0.604269998164,0.0205167828028,0.0465,0,0.376160089069,TRY,ETH,67
adaptive_75,timely,base,2000,0.7655,0.645934999542,0.645934999542,0.645934999542,0.645934999542,0,0,0,0.0367025508228,0.16697655162,0.150714664288,0.000990750567507,0.0586743351797,-0.185195222997,-0.0986756180524,-0.232620372564,0.354065000458,0.0236259544566,0.19,0,0.276458826885,TRY,ETH,68
adaptive_75,timely,base,2000,0.359,0.222891668948,0.222891668948,0.222891668948,0.222891668948,0,0,0,0.00959588175346,0.161977377821,0.133195601077,0.000608465668419,0.0441809449481,-0.107717454951,-0.0643335769237,-0.258974669756,0.777108331052,0.0101838315703,0.039,0,0.514407932974,TRY,ETH,69
adaptive_75,timely,base,2000,0.62,0.375873337417,0.375873337417,0.375873337417,0.375873337417,0,0,0,0.00378991950526,0.0869810828833,0.0640522862817,0.000270874353303,0.0100016950811,-0.186610410181,-0.0995363787504,-0.331194287844,0.624126662583,0.0350356767757,0.003,0,0.431247577255,TRY,ETH,70
adaptive_75,timely,base,2000,0.5065,0.227243340701,0.227243340701,0.227243340701,0.227243340701,0,0,0,0.00544406418753,0.11633434971,0.0910780978663,0.00041831224676,0.0235155286473,-0.123679549493,-0.0586062456936,-0.344965808963,0.772756659299,0.0157619762381,0.007,0,0.540729939403,TRY,ETH,71
adaptive_75,timely,base,2000,0.524,0.414203335206,0.414203335206,0.414203335206,0.414203335206,0,0,0,0.0246553478624,0.172501557312,0.15029123019,0.000854551662544,0.0614311151988,-0.143686419044,-0.0847074173977,-0.227098838792,0.585796664794,0.0123650187326,0.079,0,0.387981628242,TRY,ETH,72
adaptive_75,timely,base,2000,0.5795,0.331930008309,0.331930008309,0.331930008309,0.331930008309,0,0,0,0.0161064932248,0.148732095093,0.135371817852,0.000778503463431,0.0499527304799,-0.138856079119,-0.0892806310024,-0.238635756708,0.668069991691,0.017070073822,0.0975,0,0.348264605607,TRY,ETH,73
adaptive_75,timely,base,2000,0.5645,0.383971674704,0.383971674704,0.383971674704,0.383971674704,0,0,0,0.0245128568422,0.17574794235,0.154202503097,0.00100581826094,0.0664770414002,-0.175728657538,-0.153138244701,-0.211971784581,0.616028325296,0.014839328028,0.153,0,0.345906711081,TRY,ETH,74
adaptive_75,timely,base,2000,0.517,0.331105003386,0.331105003386,0.331105003386,0.331105003386,0,0,0,0.00980447070761,0.1422448053,0.103361909655,0.00054449452741,0.0301771997937,-0.175772928468,-0.119278328727,-0.289902750477,0.668894996614,0.0169042577516,0.039,0,0.438687266338,TRY,ETH,75
adaptive_75,timely,base,2000,0.6605,0.484463336105,0.484463336105,0.484463336105,0.484463336105,0,0,0,0.0152728056224,0.144655461054,0.135379742206,0.000687084879134,0.031814941908,-0.203541887973,-0.129752324781,-0.282064290812,0.515536663895,0.0296001982785,0.0535,0,0.289857883404,TRY,ETH,76
adaptive_75,timely,base,2000,0.7275,0.422758340532,0.422758340532,0.422758340532,0.422758340532,0,0,0,0.00825859240219,0.134202919431,0.104930135965,0.000499095512946,0.019553067496,-0.167261629174,-0.0569941017645,-0.317822846789,0.577241659468,0.0330580452582,0.0135,0,0.434314093768,TRY,ETH,77
adaptive_75,timely,base,2000,0.5695,0.306516676698,0.306516676698,0.306516676698,0.306516676698,0,0,0,0.0127690204017,0.15572543797,0.129843053253,0.000705251571491,0.0423054279484,-0.142400095886,-0.0879546377083,-0.265581051921,0.693483323302,0.0197309896207,0.05,0,0.393431810736,TRY,ETH,78
adaptive_75,timely,base,2000,0.762,0.585768335398,0.585768335398,0.585768335398,0.585768335398,0,0,0,0.01847404143,0.168138673655,0.138792129309,0.00078993893273,0.031721034808,-0.196794026545,-0.0632025722814,-0.291264497433,0.414231664602,0.0393598861977,0.083,0,0.40417308985,TRY,ETH,79
adaptive_75,timely,base,2000,0.4385,0.294953336073,0.294953336073,0.294953336073,0.294953336073,0,0,0,0.0176776507858,0.181875364236,0.16404345245,0.000842151542662,0.060858597469,-0.144317162092,-0.098964252308,-0.252727252205,0.705046663927,0.0117597374992,0.071,0,0.454301521063,TRY,ETH,80
adaptive_75,timely,base,2000,0.533,0.334380005383,0.334380005383,0.334380005383,0.334380005383,0,0,0,0.013878774704,0.151466693857,0.137074162516,0.00070920285893,0.0416103025631,-0.143195385089,-0.0713765717251,-0.286158592801,0.665619994617,0.0184131013558,0.0625,0,0.459577690749,TRY,ETH,81
adaptive_75,timely,base,2000,0.523,0.324106670486,0.324106670486,0.324106670486,0.324106670486,0,0,0,0.0150342319878,0.151819719278,0.131804811015,0.000735980189833,0.0470626317132,-0.142895272514,-0.0833806203528,-0.267007362968,0.675893329514,0.0170748559835,0.0515,0,0.375328655811,TRY,ETH,82
adaptive_75,timely,base,2000,0.55,0.31352334233,0.31352334233,0.31352334233,0.31352334233,0,0,0,0.0148749421228,0.154421019903,0.135534267229,0.000744856722427,0.0483375718462,-0.146378206402,-0.0978531466027,-0.252626502357,0.68647665767,0.0169500842374,0.0595,0,0.39220592519,TRY,ETH,83
adaptive_75,timely,base,2000,0.6485,0.35132167159,0.35132167159,0.35132167159,0.35132167159,0,0,0,0.00445017496965,0.0938497355065,0.0682511619527,0.000332758948574,0.012426020186,-0.16238866527,-0.0641211564796,-0.343829232402,0.64867832841,0.0334148360723,0.004,0,0.37356236038,TRY,ETH,84
adaptive_75,timely,base,2000,0.567,0.319768340498,0.319768340498,0.319768340498,0.319768340498,0,0,0,0.00904224346626,0.100441593948,0.0910780978663,0.000517701270645,0.0279679872851,-0.152148022764,-0.0747013956432,-0.316897439816,0.680231659502,0.0207406103082,0.0035,0,0.399191702021,TRY,ETH,85
adaptive_75,timely,base,2000,0.747,0.563440003441,0.563440003441,0.563440003441,0.563440003441,0,0,0,0.0289142044552,0.16994955248,0.152171992165,0.000982175013372,0.0529630750921,-0.159709997741,-0.0623355361931,-0.235156885323,0.436559996559,0.0257249929288,0.1495,0,0.321279280636,TRY,ETH,86
adaptive_75,timely,base,2000,0.847,0.726766664931,0.726766664931,0.726766664931,0.726766664931,0,0,0,0.0329549312942,0.171499166128,0.148018956859,0.000942490976535,0.0464220780149,-0.207954431626,-0.0861405787357,-0.253751255955,0.273233335069,0.0358803687848,0.1345,0,0.288629074764,TRY,ETH,87
adaptive_75,timely,base,2000,0.49,0.331790002361,0.331790002361,0.331790002361,0.331790002361,0,0,0,0.0137000958011,0.13985725764,0.12205568828,0.000655148043454,0.0423111914776,-0.137446476495,-0.0803986311855,-0.252338246313,0.668209997639,0.0169819839704,0.0445,0,0.331828421199,TRY,ETH,88
adaptive_75,timely,base,2000,0.716,0.587616669418,0.587616669418,0.587616669418,0.587616669418,0,0,0,0.0289177934791,0.171829839365,0.154083916946,0.000945730618421,0.0509003976243,-0.173172900732,-0.0867593690291,-0.233817027874,0.412383330582,0.0275390768241,0.1435,0,0.320102032377,TRY,ETH,89
adaptive_75,timely,base,2000,0.7365,0.501508337566,0.501508337566,0.501508337566,0.501508337566,0,0,0,0.0239575966483,0.146281794283,0.137587747847,0.000883595700607,0.0483256970025,-0.166147663861,-0.0721973624787,-0.259532834983,0.498491662434,0.0267177264389,0.1205,0,0.282358725087,TRY,ETH,90
adaptive_75,timely,base,2000,0.3935,0.213640003681,0.213640003681,0.213640003681,0.213640003681,0,0,0,0.00777069177471,0.132587149478,0.103361909655,0.000513761785784,0.0374648953714,-0.112778127251,-0.0700258068968,-0.270139641465,0.786359996319,0.00998289743807,0.033,0,0.459181365789,TRY,ETH,91
adaptive_75,timely,base,2000,0.583,0.324418338978,0.324418338978,0.324418338978,0.324418338978,0,0,0,0.0149936565551,0.130919630206,0.119188139679,0.000719011912121,0.0466774620066,-0.158291567426,-0.0996776749718,-0.280351469921,0.675581661022,0.0160244465871,0.037,0,0.383160162898,TRY,ETH,92
adaptive_75,timely,base,2000,0.5295,0.318193339741,0.318193339741,0.318193339741,0.318193339741,0,0,0,0.0119844351227,0.141288086195,0.119901368447,0.000668717004323,0.0385333968278,-0.157751916886,-0.110607226328,-0.258770888699,0.681806660259,0.0206576545769,0.063,0,0.35515164567,TRY,ETH,93
adaptive_75,timely,base,2000,0.557,0.325190006308,0.325190006308,0.325190006308,0.325190006308,0,0,0,0.00546406378858,0.0918845975777,0.0668106585112,0.000340044697311,0.0166524141121,-0.154659924964,-0.0711054335497,-0.328045959993,0.674809993692,0.0263122438681,0.003,0,0.473969143217,TRY,ETH,94
adaptive_75,timely,base,2000,0.4915,0.283033336329,0.283033336329,0.283033336329,0.283033336329,0,0,0,0.0124966869317,0.159975834283,0.138308909715,0.000681842209846,0.0455152209195,-0.14776925996,-0.106384254902,-0.252603797784,0.716966663671,0.0131771459771,0.0465,0,0.380396020283,TRY,ETH,95
adaptive_75,timely,base,2000,0.4455,0.201805006493,0.201805006493,0.201805006493,0.201805006493,0,0,0,0.00212004756044,0.0370654840784,0.0305960385217,0.000155516715124,0.0104290419285,-0.170002433934,-0.127758122734,-0.337090447707,0.798194993507,0.017176238705,0,0,0.311617614627,TRY,ETH,96
adaptive_75,timely,base,2000,0.5155,0.225223341204,0.225223341204,0.225223341204,0.225223341204,0,0,0,0.00387853599605,0.0958201665907,0.0910780978663,0.000341960603001,0.01698278079,-0.158463681269,-0.10551948213,-0.340593692716,0.774776658796,0.0208954384847,0.002,0,0.361473584911,TRY,ETH,97
adaptive_75,timely,base,2000,0.629,0.365561670925,0.365561670925,0.365561670925,0.365561670925,0,0,0,0.00555042649267,0.116594323654,0.0894882146037,0.000348116949487,0.0152008925466,-0.186140338797,-0.108493768716,-0.32089724604,0.634438329075,0.0285229696839,0.0075,0,0.39879726346,TRY,ETH,98
adaptive_75,timely,base,2000,0.83,0.6922516632,0.6922516632,0.6922516632,0.6922516632,0,0,0,0.0202217542393,0.153605904483,0.133187536705,0.000703127035597,0.0285392332237,-0.241911874856,-0.0546078111636,-0.325180023048,0.3077483368,0.0492390819206,0.0515,0,0.362430772784,TRY,ETH,99
