rate_rule,mechanism,distribution,paths,probability_any_liquidation,expected_liquidated_exposure_share,position_liquidation_probability,breach_exposure_share,executed_by_month12_share,pending_at_month12_share,terminal_undercollateralized_share,terminal_undercollateralized_debt_ratio,mean_bad_debt_ratio,bad_debt_cvar_99,bad_debt_var_99,mc_se_bad_debt,bad_debt_per_liquidated_debt,financing_effect_all,financing_effect_survivors,financing_effect_liquidated,survivor_exposure_share,mean_penalty_ratio,reserve_breach_10pct,accounting_capital_deficit_probability,mean_final_accounting_equity_ratio,currency,collateral,base_haircut,congestion_slope,delay_months
adaptive_75,joint_grid,base,5000,0.6024,0.403724002903,0.403724002903,0.403724002903,0.403724002903,0,0,0,0.00120901095934,0.0272914838369,0.0221222579633,5.89333211433e-05,0.00298111885948,-0.106058752267,-0.0533047618748,-0.183973213621,0.596275997097,0.0469473579148,0,0,0.426047851973,ARS,ETH,0.05,0,0
adaptive_75,joint_grid,base,5000,0.6024,0.403724002903,0.403724002903,0.403724002903,0.39617133643,0.00755266647298,0.000343333340889,0.000362093220847,0.0158495164996,0.238071386811,0.206236893236,0.00070403004746,0.0388526588546,-0.0823891304811,-0.0533047618748,-0.125344988359,0.596275997097,0.0363692588399,0.0796,0.0296,0.415006510553,ARS,ETH,0.05,0,1
adaptive_75,joint_grid,base,5000,0.6024,0.403724002903,0.403724002903,0.403724002903,0.388083336416,0.0156406664879,0.00221799993093,0.00235817342365,0.0182363723508,0.36726799247,0.262098999853,0.000850808546229,0.0444537368459,-0.088234266227,-0.0533047618748,-0.139823036986,0.596275997097,0.0391658916919,0.0734,0.0348,0.429165038553,ARS,ETH,0.05,0,2
adaptive_75,joint_grid,base,5000,0.6024,0.403724002903,0.403724002903,0.403724002903,0.403724002903,0,0,0,0.0131384099881,0.15802943826,0.141519759558,0.000420275824397,0.0323960353681,-0.142901097595,-0.0533047618748,-0.275229480434,0.596275997097,0.0261345281207,0.043,0,0.393305623151,ARS,ETH,0.05,0.2,0
adaptive_75,joint_grid,base,5000,0.6024,0.403724002903,0.403724002903,0.403724002903,0.39617133643,0.00755266647298,0.000343333340889,0.000362093220847,0.0381646608826,0.369498237178,0.346720529073,0.00119032000658,0.0935548128304,-0.109274892905,-0.0533047618748,-0.191939399964,0.596275997097,0.0199768418839,0.1346,0.0608,0.376298949214,ARS,ETH,0.05,0.2,1
adaptive_75,joint_grid,base,5000,0.6024,0.403724002903,0.403724002903,0.403724002903,0.388083336416,0.0156406664879,0.00221799993093,0.00235817342365,0.0327314827918,0.4627271154,0.386263392968,0.00128638143795,0.0797876186455,-0.139273667899,-0.0533047618748,-0.266244555906,0.596275997097,0.0301818246078,0.1114,0.053,0.405685861028,ARS,ETH,0.05,0.2,2
adaptive_75,joint_grid,base,5000,0.6024,0.403724002903,0.403724002903,0.403724002903,0.403724002903,0,0,0,0.0303187774785,0.225113239006,0.210121388305,0.000716516638793,0.0747585277366,-0.150623463501,-0.0533047618748,-0.294357314922,0.596275997097,0.0136409764203,0.0984,0.0468,0.36363170396,ARS,ETH,0.05,0.4,0
adaptive_75,joint_grid,base,5000,0.6024,0.403724002903,0.403724002903,0.403724002903,0.39617133643,0.00755266647298,0.000343333340889,0.000362093220847,0.0578911706677,0.421072408319,0.395663655009,0.00150543900494,0.141911326109,-0.119707966592,-0.0533047618748,-0.217781494096,0.596275997097,0.0144683798104,0.2168,0.1204,0.351063977355,ARS,ETH,0.05,0.4,1
adaptive_75,joint_grid,base,5000,0.6024,0.403724002903,0.403724002903,0.403724002903,0.388083336416,0.0156406664879,0.00221799993093,0.00235817342365,0.0459618030485,0.515662167863,0.441267577034,0.00154586908652,0.112038395487,-0.159751330923,-0.0533047618748,-0.316966491876,0.596275997097,0.023995281848,0.1338,0.0746,0.386268998012,ARS,ETH,0.05,0.4,2
adaptive_75,joint_grid,base,5000,0.6024,0.403724002903,0.403724002903,0.403724002903,0.403724002903,0,0,0,0.0020062937751,0.041539758449,0.0329149823934,9.17502404086e-05,0.00494701901948,-0.119094703135,-0.0533047618748,-0.216262477509,0.596275997097,0.0447582209281,0,0,0.423061432171,ARS,ETH,0.08,0,0
adaptive_75,joint_grid,base,5000,0.6024,0.403724002903,0.403724002903,0.403724002903,0.39617133643,0.00755266647298,0.000343333340889,0.000362093220847,0.0185840962243,0.261889555527,0.230722265607,0.000794052063541,0.0455560616465,-0.0926138067942,-0.0533047618748,-0.150670894769,0.596275997097,0.0338065165128,0.084,0.0296,0.409709188501,ARS,ETH,0.08,0,1
adaptive_75,joint_grid,base,5000,0.6024,0.403724002903,0.403724002903,0.403724002903,0.388083336416,0.0156406664879,0.00221799993093,0.00235817342365,0.0207775120281,0.387640978406,0.284548939917,0.000932934951782,0.0506481242126,-0.101978109069,-0.0533047618748,-0.17386570659,0.596275997097,0.0380437984736,0.0818,0.0376,0.425501805658,ARS,ETH,0.08,0,2
adaptive_75,joint_grid,base,5000,0.6024,0.403724002903,0.403724002903,0.403724002903,0.403724002903,0,0,0,0.0189125524325,0.189324897703,0.170920189726,0.000549506356576,0.0466336275133,-0.148501330785,-0.0533047618748,-0.289100920205,0.596275997097,0.0214865330854,0.0746,0.0238,0.382883485671,ARS,ETH,0.08,0.2,0
adaptive_75,joint_grid,base,5000,0.6024,0.403724002903,0.403724002903,0.403724002903,0.39617133643,0.00755266647298,0.000343333340889,0.000362093220847,0.0455074217083,0.393852165661,0.371205901445,0.0013128705231,0.111554464834,-0.115137259269,-0.0533047618748,-0.206460127792,0.596275997097,0.0176599707084,0.17,0.0628,0.366639317212,ARS,ETH,0.08,0.2,1
adaptive_75,joint_grid,base,5000,0.6024,0.403724002903,0.403724002903,0.403724002903,0.388083336416,0.0156406664879,0.00221799993093,0.00235817342365,0.0372910597269,0.483311170931,0.40873137078,0.00138338363726,0.0909022323035,-0.149340426935,-0.0533047618748,-0.291179310749,0.596275997097,0.0274010848414,0.1216,0.0608,0.398345544327,ARS,ETH,0.08,0.2,2
adaptive_75,joint_grid,base,5000,0.6024,0.403724002903,0.403724002903,0.403724002903,0.403724002903,0,0,0,0.031168679672,0.225113239006,0.210121388305,0.000724469832613,0.0768541741311,-0.154087215528,-0.0533047618748,-0.302936819736,0.596275997097,0.0125809594747,0.1002,0.0468,0.361721784821,ARS,ETH,0.08,0.4,0
adaptive_75,joint_grid,base,5000,0.6024,0.403724002903,0.403724002903,0.403724002903,0.39617133643,0.00755266647298,0.000343333340889,0.000362093220847,0.059034521373,0.424119573196,0.397639061698,0.00152512908058,0.144714075007,-0.123207539246,-0.0533047618748,-0.226449724445,0.596275997097,0.0134667282613,0.2194,0.1206,0.348918975101,ARS,ETH,0.08,0.4,1
adaptive_75,joint_grid,base,5000,0.6024,0.403724002903,0.403724002903,0.403724002903,0.388083336416,0.0156406664879,0.00221799993093,0.00235817342365,0.04711723971,0.520225810701,0.444349019177,0.00156710541674,0.114854935767,-0.16407146353,-0.0533047618748,-0.327667199725,0.596275997097,0.0233163995855,0.1384,0.0758,0.384434679088,ARS,ETH,0.08,0.4,2
adaptive_75,joint_grid,base,5000,0.6024,0.403724002903,0.403724002903,0.403724002903,0.403724002903,0,0,0,0.00544522567646,0.0863532547573,0.0708892847133,0.000200972928706,0.0134265656013,-0.144794307849,-0.0533047618748,-0.279918848023,0.596275997097,0.0365112259807,0.001,0,0.411375505322,ARS,ETH,0.15,0,0
adaptive_75,joint_grid,base,5000,0.6024,0.403724002903,0.403724002903,0.403724002903,0.39617133643,0.00755266647298,0.000343333340889,0.000362093220847,0.0273046774739,0.317969554773,0.28785480114,0.00101451333138,0.0669332291023,-0.112566076505,-0.0533047618748,-0.200091463197,0.596275997097,0.026261371289,0.0948,0.0568,0.393443462027,ARS,ETH,0.15,0,1
adaptive_75,joint_grid,base,5000,0.6024,0.403724002903,0.403724002903,0.403724002903,0.388083336416,0.0156406664879,0.00221799993093,0.00235817342365,0.0276269959575,0.43558142232,0.339387546277,0.00113823727536,0.0673447100395,-0.131622200475,-0.0533047618748,-0.247292332683,0.596275997097,0.0339208637538,0.098,0.0456,0.414529387008,ARS,ETH,0.15,0,2
adaptive_75,joint_grid,base,5000,0.6024,0.403724002903,0.403724002903,0.403724002903,0.403724002903,0,0,0,0.030557480724,0.224986184665,0.208835015318,0.000721608009063,0.0753471102812,-0.157862903927,-0.0533047618748,-0.312288972129,0.596275997097,0.0133356476333,0.0966,0.0468,0.363087671927,ARS,ETH,0.15,0.2,0
adaptive_75,joint_grid,base,5000,0.6024,0.403724002903,0.403724002903,0.403724002903,0.39617133643,0.00755266647298,0.000343333340889,0.000362093220847,0.0587557988859,0.42606791498,0.401326486762,0.00152911561743,0.144030829578,-0.12617925561,-0.0533047618748,-0.233810486605,0.596275997097,0.0134584798976,0.22,0.1194,0.349189449224,ARS,ETH,0.15,0.2,1
adaptive_75,joint_grid,base,5000,0.6024,0.403724002903,0.403724002903,0.403724002903,0.388083336416,0.0156406664879,0.00221799993093,0.00235817342365,0.0470648578077,0.521117132314,0.444801039218,0.00156994880339,0.114727247472,-0.166782991563,-0.0533047618748,-0.334383491087,0.596275997097,0.0230497355188,0.1376,0.0754,0.384220396923,ARS,ETH,0.15,0.2,2
adaptive_75,joint_grid,base,5000,0.6024,0.403724002903,0.403724002903,0.403724002903,0.403724002903,0,0,0,0.0330511206972,0.225127347293,0.210121388305,0.000743404136038,0.0814958032235,-0.160168987519,-0.0533047618748,-0.318001002068,0.596275997097,0.00938024811942,0.1348,0.0468,0.35663863244,ARS,ETH,0.15,0.4,0
adaptive_75,joint_grid,base,5000,0.6024,0.403724002903,0.403724002903,0.403724002903,0.39617133643,0.00755266647298,0.000343333340889,0.000362093220847,0.0619887362571,0.431474431578,0.402248343972,0.00156893901044,0.151955879707,-0.129834663746,-0.0533047618748,-0.242864712041,0.596275997097,0.0112951945429,0.2256,0.1426,0.343793226498,ARS,ETH,0.15,0.4,1
adaptive_75,joint_grid,base,5000,0.6024,0.403724002903,0.403724002903,0.403724002903,0.388083336416,0.0156406664879,0.00221799993093,0.00235817342365,0.0499187846981,0.531069201467,0.451773469174,0.00161925466648,0.121684097909,-0.172555322495,-0.0533047618748,-0.348681206581,0.596275997097,0.0217909959145,0.1456,0.0766,0.380107730428,ARS,ETH,0.15,0.4,2
adaptive_75,joint_grid,uniform,5000,0.6024,0.397812903226,0.397812903226,0.397812903226,0.397812903226,0,0,0,0.00158131047745,0.0209795026044,0.0177882510162,6.15466466599e-05,0.00395701113633,-0.103092902393,-0.0534450489893,-0.178247067729,0.602187096774,0.0444991204447,0,0,0.424623702077,ARS,ETH,0.05,0,0
adaptive_75,joint_grid,uniform,5000,0.6024,0.397812903226,0.397812903226,0.397812903226,0.390683870968,0.00712903225806,0.000309677419355,0.000327784246827,0.0152280140133,0.225944204267,0.19078012021,0.000652660460138,0.0378978606837,-0.0821366988756,-0.0534450489893,-0.125568526266,0.602187096774,0.0353789456164,0.0786,0.0288,0.415788559956,ARS,ETH,0.05,0,1
adaptive_75,joint_grid,uniform,5000,0.6024,0.397812903226,0.397812903226,0.397812903226,0.382690322581,0.0151225806452,0.00196774193548,0.00208861650376,0.0173465504893,0.356692403551,0.264473925547,0.000798881557908,0.0429418926099,-0.0886072741378,-0.0534450489893,-0.141833899284,0.602187096774,0.0387399180122,0.0714,0.0326,0.430593286237,ARS,ETH,0.05,0,2
adaptive_75,joint_grid,uniform,5000,0.6024,0.397812903226,0.397812903226,0.397812903226,0.397812903226,0,0,0,0.0116078860654,0.109749064941,0.100971966739,0.000356662212318,0.0290471321634,-0.132867669298,-0.0534450489893,-0.253093224462,0.602187096774,0.0298820813915,0.0312,0,0.399980087436,ARS,ETH,0.05,0.2,0
adaptive_75,joint_grid,uniform,5000,0.6024,0.397812903226,0.397812903226,0.397812903226,0.390683870968,0.00712903225806,0.000309677419355,0.000327784246827,0.0317666368521,0.325219960492,0.296029516756,0.00101893189533,0.0790574251348,-0.106168990547,-0.0534450489893,-0.185979567428,0.602187096774,0.023714561169,0.1262,0.0566,0.38758555267,ARS,ETH,0.05,0.2,1
adaptive_75,joint_grid,uniform,5000,0.6024,0.397812903226,0.397812903226,0.397812903226,0.382690322581,0.0151225806452,0.00196774193548,0.00208861650376,0.0280555831745,0.434875696117,0.362788925178,0.001112389259,0.0694524159446,-0.130642944825,-0.0534450489893,-0.247500835541,0.602187096774,0.0319854221448,0.097,0.045,0.413129757684,ARS,ETH,0.05,0.2,2
adaptive_75,joint_grid,uniform,5000,0.6024,0.397812903226,0.397812903226,0.397812903226,0.397812903226,0,0,0,0.0290120730083,0.179567950321,0.167383392342,0.000671331380389,0.0725987069703,-0.142571998099,-0.0534450489893,-0.277487427674,0.602187096774,0.0178300758908,0.1444,0.0238,0.370523894993,ARS,ETH,0.05,0.4,0
adaptive_75,joint_grid,uniform,5000,0.6024,0.397812903226,0.397812903226,0.397812903226,0.390683870968,0.00712903225806,0.000309677419355,0.000327784246827,0.0519696634908,0.395143903117,0.364468760468,0.00136804333199,0.129336567791,-0.117332432557,-0.0534450489893,-0.214041608452,0.602187096774,0.0175967370367,0.2104,0.1146,0.361264701899,ARS,ETH,0.05,0.4,1
adaptive_75,joint_grid,uniform,5000,0.6024,0.397812903226,0.397812903226,0.397812903226,0.382690322581,0.0151225806452,0.00196774193548,0.00208861650376,0.0416095255602,0.496732509501,0.427281499928,0.00140045913646,0.103005596372,-0.152648218606,-0.0534450489893,-0.302816471616,0.602187096774,0.0255627424484,0.1314,0.0674,0.393153135602,ARS,ETH,0.05,0.4,2
adaptive_75,joint_grid,uniform,5000,0.6024,0.397812903226,0.397812903226,0.397812903226,0.397812903226,0,0,0,0.00268262077152,0.0322406552388,0.0277664931652,9.90396706846e-05,0.00671288808794,-0.115373440186,-0.0534450489893,-0.209117202141,0.602187096774,0.0421719913333,0,0,0.421195262672,ARS,ETH,0.08,0,0
adaptive_75,joint_grid,uniform,5000,0.6024,0.397812903226,0.397812903226,0.397812903226,0.390683870968,0.00712903225806,0.000309677419355,0.000327784246827,0.0180576336252,0.249466922841,0.215756137005,0.000737718829983,0.0449399168406,-0.0925326522884,-0.0534450489893,-0.151701297045,0.602187096774,0.0331260153397,0.0826,0.0298,0.410706010068,ARS,ETH,0.08,0,1
adaptive_75,joint_grid,uniform,5000,0.6024,0.397812903226,0.397812903226,0.397812903226,0.382690322581,0.0151225806452,0.00196774193548,0.00208861650376,0.0197791897679,0.376769277049,0.288005524154,0.000874481772544,0.0489639622268,-0.102272167915,-0.0534450489893,-0.176183950944,0.602187096774,0.0375041332901,0.079,0.036,0.426924862236,ARS,ETH,0.08,0,2
adaptive_75,joint_grid,uniform,5000,0.6024,0.397812903226,0.397812903226,0.397812903226,0.397812903226,0,0,0,0.016190377821,0.138290283833,0.128032855936,0.000463599077577,0.0405141850715,-0.140097133217,-0.0534450489893,-0.271266249671,0.602187096774,0.0259850598674,0.0436,0.0238,0.391500574156,ARS,ETH,0.08,0.2,0
adaptive_75,joint_grid,uniform,5000,0.6024,0.397812903226,0.397812903226,0.397812903226,0.390683870968,0.00712903225806,0.000309677419355,0.000327784246827,0.0377538667884,0.34934406642,0.32100553355,0.00112994171517,0.0939578058286,-0.113082832092,-0.0534450489893,-0.203359198629,0.602187096774,0.021137129349,0.136,0.0574,0.379020890914,ARS,ETH,0.08,0.2,1
adaptive_75,joint_grid,uniform,5000,0.6024,0.397812903226,0.397812903226,0.397812903226,0.382690322581,0.0151225806452,0.00196774193548,0.00208861650376,0.0320312559023,0.455276277087,0.385602859314,0.00120093056712,0.0792943099533,-0.141615714372,-0.0534450489893,-0.275083574708,0.602187096774,0.0296005466421,0.1126,0.0492,0.406769209454,ARS,ETH,0.08,0.2,2
adaptive_75,joint_grid,uniform,5000,0.6024,0.397812903226,0.397812903226,0.397812903226,0.397812903226,0,0,0,0.0314090990931,0.18000285681,0.167677001427,0.000706349300063,0.0785969337872,-0.14740845141,-0.0534450489893,-0.289645035613,0.602187096774,0.0164732221784,0.1502,0.0238,0.366770015195,ARS,ETH,0.08,0.4,0
adaptive_75,joint_grid,uniform,5000,0.6024,0.397812903226,0.397812903226,0.397812903226,0.390683870968,0.00712903225806,0.000309677419355,0.000327784246827,0.0544998072633,0.405679472685,0.37095060921,0.00141786844141,0.135633320349,-0.122609218621,-0.0534450489893,-0.22730610043,0.602187096774,0.0165315178032,0.2178,0.1164,0.357669338893,ARS,ETH,0.08,0.4,1
adaptive_75,joint_grid,uniform,5000,0.6024,0.397812903226,0.397812903226,0.397812903226,0.382690322581,0.0151225806452,0.00196774193548,0.00208861650376,0.043810521369,0.507111814152,0.434312704141,0.00144877934648,0.108454225811,-0.159134896884,-0.0534450489893,-0.319122323501,0.602187096774,0.0245312628992,0.1354,0.0706,0.389920660244,ARS,ETH,0.08,0.4,2
adaptive_75,joint_grid,uniform,5000,0.6024,0.397812903226,0.397812903226,0.397812903226,0.397812903226,0,0,0,0.00711458356969,0.0661571339907,0.0600302987527,0.000224328843939,0.0178032630638,-0.140078310565,-0.0534450489893,-0.271218934333,0.602187096774,0.0346545443798,0,0,0.40924585292,ARS,ETH,0.15,0,0
adaptive_75,joint_grid,uniform,5000,0.6024,0.397812903226,0.397812903226,0.397812903226,0.390683870968,0.00712903225806,0.000309677419355,0.000327784246827,0.0269554287295,0.30529367894,0.274033509526,0.000949486234854,0.0670838023768,-0.11359815539,-0.0534450489893,-0.204654589738,0.602187096774,0.0269728058423,0.095,0.0542,0.395655005466,ARS,ETH,0.15,0,1
adaptive_75,joint_grid,uniform,5000,0.6024,0.397812903226,0.397812903226,0.397812903226,0.382690322581,0.0151225806452,0.00196774193548,0.00208861650376,0.0265023053772,0.423817044539,0.342882170722,0.00106534909927,0.06560723137,-0.131866370642,-0.0534450489893,-0.250576215468,0.602187096774,0.0333770434798,0.0974,0.0414,0.416074656817,ARS,ETH,0.15,0,2
adaptive_75,joint_grid,uniform,5000,0.6024,0.397812903226,0.397812903226,0.397812903226,0.397812903226,0,0,0,0.0283920674633,0.178001280863,0.165389412423,0.000669340662006,0.071047228699,-0.152602856097,-0.0534450489893,-0.302702441858,0.602187096774,0.0174915493669,0.144,0.0238,0.370805374014,ARS,ETH,0.15,0.2,0
adaptive_75,joint_grid,uniform,5000,0.6024,0.397812903226,0.397812903226,0.397812903226,0.390683870968,0.00712903225806,0.000309677419355,0.000327784246827,0.052113380706,0.401089776692,0.376298299085,0.0013834512326,0.129694235901,-0.1264982062,-0.0534450489893,-0.237082021591,0.602187096774,0.0162757151323,0.2128,0.09,0.35979996278,ARS,ETH,0.15,0.2,1
adaptive_75,joint_grid,uniform,5000,0.6024,0.397812903226,0.397812903226,0.397812903226,0.382690322581,0.0151225806452,0.00196774193548,0.00208861650376,0.042328373007,0.499482536206,0.436045748139,0.00142080352363,0.104785124232,-0.162478057344,-0.0534450489893,-0.327526174742,0.602187096774,0.0244975890901,0.1326,0.0674,0.391369134797,ARS,ETH,0.15,0.2,2
adaptive_75,joint_grid,uniform,5000,0.6024,0.397812903226,0.397812903226,0.397812903226,0.397812903226,0,0,0,0.0342743993318,0.183923204611,0.176371462773,0.000753773033834,0.0857669520189,-0.155731859191,-0.0534450489893,-0.310567956196,0.602187096774,0.0124887174509,0.158,0.0496,0.359920210229,ARS,ETH,0.15,0.4,0
adaptive_75,joint_grid,uniform,5000,0.6024,0.397812903226,0.397812903226,0.397812903226,0.390683870968,0.00712903225806,0.000309677419355,0.000327784246827,0.0582348688045,0.421427261895,0.386926026154,0.00148909869253,0.144928744021,-0.132118947691,-0.0534450489893,-0.251211129637,0.602187096774,0.0137149929183,0.2246,0.1172,0.351117752467,ARS,ETH,0.15,0.4,1
adaptive_75,joint_grid,uniform,5000,0.6024,0.397812903226,0.397812903226,0.397812903226,0.382690322581,0.0151225806452,0.00196774193548,0.00208861650376,0.0475828662947,0.520284319426,0.444881251543,0.00152550613032,0.117792775904,-0.171091080972,-0.0534450489893,-0.349177115567,0.602187096774,0.0226777920343,0.1442,0.0726,0.384294844454,ARS,ETH,0.15,0.4,2
adaptive_75,joint_grid,near_threshold,5000,0.6024,0.522010892508,0.522010892508,0.522010892508,0.522010892508,0,0,0,0.00157094889269,0.038881466955,0.0336207314134,9.01948583431e-05,0.0030118289039,-0.114283206533,-0.0524515137471,-0.170900560833,0.477989107492,0.0573715394077,0,0,0.391477806992,ARS,ETH,0.05,0,0
adaptive_75,joint_grid,near_threshold,5000,0.6024,0.522010892508,0.522010892508,0.522010892508,0.515493708832,0.0065171836762,0.000331730176993,0.000345699586306,0.0227648675812,0.303792172807,0.299360712803,0.00097530560109,0.0434212755864,-0.0813684902528,-0.0524515137471,-0.107846864535,0.477989107492,0.0433735173818,0.0774,0.0544,0.375185125693,ARS,ETH,0.05,0,1
adaptive_75,joint_grid,near_threshold,5000,0.6024,0.522010892508,0.522010892508,0.522010892508,0.507610247981,0.0144006445265,0.00176343274176,0.00184076627221,0.0238559302228,0.397176713202,0.311841615045,0.00105616096736,0.0452176208864,-0.0939676502779,-0.0524515137471,-0.131982682783,0.477989107492,0.0500504597624,0.0832,0.0422,0.399377219891,ARS,ETH,0.05,0,2
adaptive_75,joint_grid,near_threshold,5000,0.6024,0.522010892508,0.522010892508,0.522010892508,0.522010892508,0,0,0,0.0285689603497,0.219308553761,0.21382018026,0.000775916711482,0.0547725142021,-0.159861051669,-0.0524515137471,-0.258212618473,0.477989107492,0.0316518412684,0.1226,0.0722,0.338760097395,ARS,ETH,0.05,0.2,0
adaptive_75,joint_grid,near_threshold,5000,0.6024,0.522010892508,0.522010892508,0.522010892508,0.515493708832,0.0065171836762,0.000331730176993,0.000345699586306,0.0593627606242,0.446592174736,0.440930401476,0.00162869812602,0.113227400925,-0.125539901101,-0.0524515137471,-0.192464659838,0.477989107492,0.0285303219601,0.242,0.1458,0.323744037228,ARS,ETH,0.05,0.2,1
adaptive_75,joint_grid,near_threshold,5000,0.6024,0.522010892508,0.522010892508,0.522010892508,0.507610247981,0.0144006445265,0.00176343274176,0.00184076627221,0.0487536002364,0.513405162924,0.451345144064,0.00160850946764,0.0924098030027,-0.161106200596,-0.0524515137471,-0.260597911472,0.477989107492,0.0352935818987,0.164,0.0728,0.359722672013,ARS,ETH,0.05,0.2,2
adaptive_75,joint_grid,near_threshold,5000,0.6024,0.522010892508,0.522010892508,0.522010892508,0.522010892508,0,0,0,0.0478582538758,0.270383598288,0.26437971621,0.00107458060729,0.0917540175774,-0.171810733467,-0.0524515137471,-0.281104251522,0.477989107492,0.0140776891179,0.2502,0.1272,0.301896651719,ARS,ETH,0.05,0.4,0
adaptive_75,joint_grid,near_threshold,5000,0.6024,0.522010892508,0.522010892508,0.522010892508,0.515493708832,0.0065171836762,0.000331730176993,0.000345699586306,0.0795905833022,0.483624402313,0.47743457445,0.00188674801603,0.151809565302,-0.145099124222,-0.0524515137471,-0.229933654071,0.477989107492,0.0194989836668,0.2714,0.2,0.294484876256,ARS,ETH,0.05,0.4,1
adaptive_75,joint_grid,near_threshold,5000,0.6024,0.522010892508,0.522010892508,0.522010892508,0.507610247981,0.0144006445265,0.00176343274176,0.00184076627221,0.0655721963588,0.549677822444,0.489441874815,0.00184511447054,0.124288539074,-0.19118798336,-0.0524515137471,-0.318224645312,0.477989107492,0.0282147543394,0.2372,0.1256,0.335825248332,ARS,ETH,0.05,0.4,2
adaptive_75,joint_grid,near_threshold,5000,0.6024,0.522010892508,0.522010892508,0.522010892508,0.522010892508,0,0,0,0.00285124180854,0.0609233949836,0.0553086763022,0.000150820495901,0.00546641111683,-0.128905020721,-0.0524515137471,-0.198911114632,0.477989107492,0.0529760965704,0,0,0.385802071238,ARS,ETH,0.08,0,0
adaptive_75,joint_grid,near_threshold,5000,0.6024,0.522010892508,0.522010892508,0.522010892508,0.515493708832,0.0065171836762,0.000331730176993,0.000345699586306,0.0267488292536,0.325406822065,0.32090429482,0.00106167153663,0.0510202083317,-0.0942349776463,-0.0524515137471,-0.132494793493,0.477989107492,0.040171742106,0.0818,0.0578,0.367999388744,ARS,ETH,0.08,0,1
adaptive_75,joint_grid,near_threshold,5000,0.6024,0.522010892508,0.522010892508,0.522010892508,0.507610247981,0.0144006445265,0.00176343274176,0.00184076627221,0.0269683004697,0.416402314137,0.334043065113,0.00113984164484,0.0511169497564,-0.110954450379,-0.0524515137471,-0.164523766398,0.477989107492,0.0478702096399,0.09,0.046,0.394084599521,ARS,ETH,0.08,0,2
adaptive_75,joint_grid,near_threshold,5000,0.6024,0.522010892508,0.522010892508,0.522010892508,0.522010892508,0,0,0,0.0373038881776,0.249890388187,0.244101306929,0.000947113976049,0.0715191494542,-0.166924653745,-0.0524515137471,-0.271744140856,0.477989107492,0.0271528212312,0.1854,0.1266,0.32552614953,ARS,ETH,0.08,0.2,0
adaptive_75,joint_grid,near_threshold,5000,0.6024,0.522010892508,0.522010892508,0.522010892508,0.515493708832,0.0065171836762,0.000331730176993,0.000345699586306,0.068032102858,0.46837908444,0.462473983494,0.00176339552844,0.129763139468,-0.134603529048,-0.0524515137471,-0.209827569457,0.477989107492,0.026211067799,0.2564,0.1694,0.312755440833,ARS,ETH,0.08,0.2,1
adaptive_75,joint_grid,near_threshold,5000,0.6024,0.522010892508,0.522010892508,0.522010892508,0.507610247981,0.0144006445265,0.00176343274176,0.00184076627221,0.0558295372635,0.533067287575,0.472512140869,0.00171749533424,0.10582185757,-0.173056598587,-0.0524515137471,-0.283490916508,0.477989107492,0.0320404964464,0.1754,0.12,0.349393649534,ARS,ETH,0.08,0.2,2
adaptive_75,joint_grid,near_threshold,5000,0.6024,0.522010892508,0.522010892508,0.522010892508,0.522010892508,0,0,0,0.0485692386381,0.270383598288,0.26437971621,0.00107389089079,0.0931171201374,-0.174465572922,-0.0524515137471,-0.286190044736,0.477989107492,0.0115773186585,0.2526,0.1272,0.298685296497,ARS,ETH,0.08,0.4,0
adaptive_75,joint_grid,near_threshold,5000,0.6024,0.522010892508,0.522010892508,0.522010892508,0.515493708832,0.0065171836762,0.000331730176993,0.000345699586306,0.0806786354807,0.483787581803,0.47761104733,0.00189401995485,0.153884895339,-0.148165086605,-0.0524515137471,-0.235807022668,0.477989107492,0.0176323158214,0.2744,0.2,0.291530156233,ARS,ETH,0.08,0.4,1
adaptive_75,joint_grid,near_threshold,5000,0.6024,0.522010892508,0.522010892508,0.522010892508,0.507610247981,0.0144006445265,0.00176343274176,0.00184076627221,0.0669187000057,0.551657634628,0.492505669143,0.00185404957666,0.126840763651,-0.195435879046,-0.0524515137471,-0.326362206706,0.477989107492,0.027227285754,0.2412,0.1258,0.333491276099,ARS,ETH,0.08,0.4,2
adaptive_75,joint_grid,near_threshold,5000,0.6024,0.522010892508,0.522010892508,0.522010892508,0.522010892508,0,0,0,0.00920086342087,0.121634162884,0.115960949898,0.000346373699257,0.0176399286576,-0.157909386131,-0.0524515137471,-0.254473873621,0.477989107492,0.0409691337296,0.031,0,0.367445486785,ARS,ETH,0.15,0,0
adaptive_75,joint_grid,near_threshold,5000,0.6024,0.522010892508,0.522010892508,0.522010892508,0.515493708832,0.0065171836762,0.000331730176993,0.000345699586306,0.0399868539099,0.376044866446,0.371172652861,0.00128616053551,0.0762701648609,-0.121074238672,-0.0524515137471,-0.183909929482,0.477989107492,0.0334605043242,0.1192,0.0644,0.348050126306,ARS,ETH,0.15,0,1
adaptive_75,joint_grid,near_threshold,5000,0.6024,0.522010892508,0.522010892508,0.522010892508,0.507610247981,0.0144006445265,0.00176343274176,0.00184076627221,0.0360609983488,0.461303758435,0.387651170389,0.00134886414858,0.0683516650532,-0.147200615941,-0.0524515137471,-0.233959416271,0.477989107492,0.0412237586502,0.1218,0.0626,0.378345450653,ARS,ETH,0.15,0,2
adaptive_75,joint_grid,near_threshold,5000,0.6024,0.522010892508,0.522010892508,0.522010892508,0.522010892508,0,0,0,0.0478375180822,0.270383598288,0.26437971621,0.00107863731115,0.091714262839,-0.176680528957,-0.0524515137471,-0.29043316699,0.477989107492,0.0143675725876,0.2502,0.1272,0.302207270982,ARS,ETH,0.15,0.2,0
adaptive_75,joint_grid,near_threshold,5000,0.6024,0.522010892508,0.522010892508,0.522010892508,0.515493708832,0.0065171836762,0.000331730176993,0.000345699586306,0.0799434045144,0.484173004419,0.478015507965,0.00189435395132,0.152482529773,-0.149102304468,-0.0524515137471,-0.237602421723,0.477989107492,0.0190810300954,0.2752,0.1986,0.293714101473,ARS,ETH,0.15,0.2,1
adaptive_75,joint_grid,near_threshold,5000,0.6024,0.522010892508,0.522010892508,0.522010892508,0.507610247981,0.0144006445265,0.00176343274176,0.00184076627221,0.0661895036399,0.551048251631,0.49094840445,0.00185136030033,0.125458611519,-0.195133536522,-0.0524515137471,-0.325783018554,0.477989107492,0.0275745725662,0.2258,0.1254,0.334567759277,ARS,ETH,0.15,0.2,2
adaptive_75,joint_grid,near_threshold,5000,0.6024,0.522010892508,0.522010892508,0.522010892508,0.522010892508,0,0,0,0.0501828897005,0.270383598288,0.26437971621,0.00107330302403,0.0962108177957,-0.178522094529,-0.0524515137471,-0.29396099677,0.477989107492,0.00762894582319,0.2556,0.1272,0.293123272599,ARS,ETH,0.15,0.4,0
adaptive_75,joint_grid,near_threshold,5000,0.6024,0.522010892508,0.522010892508,0.522010892508,0.515493708832,0.0065171836762,0.000331730176993,0.000345699586306,0.0831907158141,0.484181234263,0.478022817384,0.00190666983561,0.158676389604,-0.152937235129,-0.0524515137471,-0.244948878886,0.477989107492,0.0150493647128,0.2776,0.2004,0.286435124791,ARS,ETH,0.15,0.4,1
adaptive_75,joint_grid,near_threshold,5000,0.6024,0.522010892508,0.522010892508,0.522010892508,0.507610247981,0.0144006445265,0.00176343274176,0.00184076627221,0.0695506423402,0.555309495076,0.495510797322,0.00187651171646,0.13182946749,-0.202322454338,-0.0524515137471,-0.339554604395,0.477989107492,0.0259115053584,0.2472,0.1266,0.329543553369,ARS,ETH,0.15,0.4,2
adaptive_75,joint_grid,buffered,5000,0.341,0.208864516129,0.208864516129,0.208864516129,0.208864516129,0,0,0,0.000973403496921,0.0187724198775,0.0160759685554,4.61141872271e-05,0.00460177518297,-0.0806530426091,-0.0536904249013,-0.182781848411,0.791135483871,0.022742870957,0,0,0.465643970213,ARS,ETH,0.05,0,0
adaptive_75,joint_grid,buffered,5000,0.341,0.208864516129,0.208864516129,0.208864516129,0.201464516129,0.0074,0.000245161290323,0.000262081119792,0.00536175203792,0.204642745709,0.171235453775,0.000364273709188,0.0252171218672,-0.0749415411176,-0.0536904249013,-0.155436363418,0.791135483871,0.0200596904725,0.0188,0.0006,0.465787083384,ARS,ETH,0.05,0,1
adaptive_75,joint_grid,buffered,5000,0.341,0.208864516129,0.208864516129,0.208864516129,0.193574193548,0.0152903225806,0.00156774193548,0.00165214008716,0.00780572579987,0.29914826831,0.240977839088,0.000548972716842,0.0364927425981,-0.0764144214471,-0.0536904249013,-0.162488209068,0.791135483871,0.02106519311,0.0262,0.005,0.471394631291,ARS,ETH,0.05,0,2
adaptive_75,joint_grid,buffered,5000,0.341,0.208864516129,0.208864516129,0.208864516129,0.208864516129,0,0,0,0.00944495706887,0.116177718371,0.103347513961,0.00038865884506,0.0446511330411,-0.0946074696826,-0.0536904249013,-0.249592752111,0.791135483871,0.0143418501265,0.0366,0,0.448771395811,ARS,ETH,0.05,0.2,0
adaptive_75,joint_grid,buffered,5000,0.341,0.208864516129,0.208864516129,0.208864516129,0.201464516129,0.0074,0.000245161290323,0.000262081119792,0.0149847982208,0.326305716992,0.25693162737,0.000692616746384,0.0704757475201,-0.0897134859714,-0.0536904249013,-0.226161372756,0.791135483871,0.0132338194132,0.0734,0.0066,0.449338166142,ARS,ETH,0.05,0.2,1
adaptive_75,joint_grid,buffered,5000,0.341,0.208864516129,0.208864516129,0.208864516129,0.193574193548,0.0152903225806,0.00156774193548,0.00165214008716,0.01489535911,0.423201136072,0.361953218388,0.00084610400582,0.0696376634083,-0.0997618039736,-0.0536904249013,-0.274270636065,0.791135483871,0.0167095704699,0.0506,0.0106,0.459949375341,ARS,ETH,0.05,0.2,2
adaptive_75,joint_grid,buffered,5000,0.341,0.208864516129,0.208864516129,0.208864516129,0.208864516129,0,0,0,0.0181520985202,0.182751994088,0.168657044397,0.000657715249711,0.0858142350557,-0.0996817202857,-0.0536904249013,-0.273887211971,0.791135483871,0.0102468856198,0.0966,0.0258,0.435969289853,ARS,ETH,0.05,0.4,0
adaptive_75,joint_grid,buffered,5000,0.341,0.208864516129,0.208864516129,0.208864516129,0.201464516129,0.0074,0.000245161290323,0.000262081119792,0.0239321046323,0.390483143628,0.338267410464,0.00095936201374,0.112556267948,-0.095787763738,-0.0536904249013,-0.255243755342,0.791135483871,0.0103468355577,0.1026,0.0128,0.437503875875,ARS,ETH,0.05,0.4,1
adaptive_75,joint_grid,buffered,5000,0.341,0.208864516129,0.208864516129,0.208864516129,0.193574193548,0.0152903225806,0.00156774193548,0.00165214008716,0.0210163123258,0.472705089428,0.426019878385,0.00104213733916,0.0982538838453,-0.110929375489,-0.0536904249013,-0.327738653143,0.791135483871,0.0138833241012,0.072,0.018,0.451002175756,ARS,ETH,0.05,0.4,2
adaptive_75,joint_grid,buffered,5000,0.341,0.208864516129,0.208864516129,0.208864516129,0.208864516129,0,0,0,0.00169677204835,0.0292178922412,0.0255216128899,7.70391580443e-05,0.0080215075536,-0.0868981555407,-0.0536904249013,-0.212682154348,0.791135483871,0.0214650330166,0,0,0.463642763721,ARS,ETH,0.08,0,0
adaptive_75,joint_grid,buffered,5000,0.341,0.208864516129,0.208864516129,0.208864516129,0.201464516129,0.0074,0.000245161290323,0.000262081119792,0.00664826160065,0.228662277135,0.190511360381,0.000416826930346,0.0312677687821,-0.0809119402918,-0.0536904249013,-0.184021396839,0.791135483871,0.0189116520694,0.0206,0.0006,0.463352535418,ARS,ETH,0.08,0,1
adaptive_75,joint_grid,buffered,5000,0.341,0.208864516129,0.208864516129,0.208864516129,0.193574193548,0.0152903225806,0.00156774193548,0.00165214008716,0.00899621550884,0.321563166868,0.262527564875,0.000601341425833,0.0420584306109,-0.0839615771322,-0.0536904249013,-0.198622425759,0.791135483871,0.0204158153175,0.029,0.007,0.46955476379,ARS,ETH,0.08,0,2
adaptive_75,joint_grid,buffered,5000,0.341,0.208864516129,0.208864516129,0.208864516129,0.208864516129,0,0,0,0.0124048060817,0.145837765924,0.131700519243,0.00049668712861,0.0586438501166,-0.0983670361129,-0.0536904249013,-0.267592776721,0.791135483871,0.0128149461463,0.0746,0,0.444284642818,ARS,ETH,0.08,0.2,0
adaptive_75,joint_grid,buffered,5000,0.341,0.208864516129,0.208864516129,0.208864516129,0.201464516129,0.0074,0.000245161290323,0.000262081119792,0.0181934458481,0.351386629055,0.277685437917,0.000794384001685,0.0855664972739,-0.0937285424133,-0.0536904249013,-0.245384630571,0.791135483871,0.0120525763425,0.0826,0.0068,0.444948275444,ARS,ETH,0.08,0.2,1
adaptive_75,joint_grid,buffered,5000,0.341,0.208864516129,0.208864516129,0.208864516129,0.193574193548,0.0152903225806,0.00156774193548,0.00165214008716,0.0171887641882,0.446195389103,0.38473870443,0.000922122997866,0.0803596184626,-0.105750049811,-0.0536904249013,-0.302941115608,0.791135483871,0.0156041981985,0.059,0.0142,0.456550597991,ARS,ETH,0.08,0.2,2
adaptive_75,joint_grid,buffered,5000,0.341,0.208864516129,0.208864516129,0.208864516129,0.208864516129,0,0,0,0.0187656786809,0.182923859249,0.169240686644,0.000666683690206,0.0887149416642,-0.102479352606,-0.0536904249013,-0.287281695497,0.791135483871,0.00948801027084,0.0994,0.0258,0.434596834343,ARS,ETH,0.08,0.4,0
adaptive_75,joint_grid,buffered,5000,0.341,0.208864516129,0.208864516129,0.208864516129,0.201464516129,0.0074,0.000245161290323,0.000262081119792,0.0247906154424,0.397281012539,0.346513236908,0.000982487328728,0.116593972708,-0.0985944858172,-0.0536904249013,-0.268681758748,0.791135483871,0.00968455833659,0.1054,0.0398,0.435983087843,ARS,ETH,0.08,0.4,1
adaptive_75,joint_grid,buffered,5000,0.341,0.208864516129,0.208864516129,0.208864516129,0.193574193548,0.0152903225806,0.00156774193548,0.00165214008716,0.0217315373226,0.476047163378,0.42936998848,0.00106207403088,0.101597649996,-0.114719956656,-0.0536904249013,-0.34588716988,0.791135483871,0.0135352931667,0.0752,0.0182,0.449938919825,ARS,ETH,0.08,0.4,2
adaptive_75,joint_grid,buffered,5000,0.341,0.208864516129,0.208864516129,0.208864516129,0.208864516129,0,0,0,0.00453707787886,0.0626345993808,0.0578092651674,0.000188276560027,0.0214490829878,-0.0995053609239,-0.0536904249013,-0.27304283991,0.791135483871,0.0176711322426,0,0,0.457008557117,ARS,ETH,0.15,0,0
adaptive_75,joint_grid,buffered,5000,0.341,0.208864516129,0.208864516129,0.208864516129,0.201464516129,0.0074,0.000245161290323,0.000262081119792,0.0107721004314,0.286205039357,0.239135493154,0.000562469209874,0.050662799664,-0.0930622097774,-0.0536904249013,-0.242194368059,0.791135483871,0.0155742170592,0.0306,0.005,0.455891261577,ARS,ETH,0.15,0,1
adaptive_75,joint_grid,buffered,5000,0.341,0.208864516129,0.208864516129,0.208864516129,0.193574193548,0.0152903225806,0.00156774193548,0.00165214008716,0.0123509264996,0.374416906198,0.317822572398,0.000737125929458,0.0577421233019,-0.100445278698,-0.0536904249013,-0.277542971341,0.791135483871,0.0183511737718,0.038,0.0092,0.464135411253,ARS,ETH,0.15,0,2
adaptive_75,joint_grid,buffered,5000,0.341,0.208864516129,0.208864516129,0.208864516129,0.208864516129,0,0,0,0.0178726713447,0.182291850396,0.168173422262,0.000652579224776,0.0844932401696,-0.105374155802,-0.0536904249013,-0.301141413029,0.791135483871,0.00964871820748,0.0972,0.0258,0.435650549616,ARS,ETH,0.15,0.2,0
adaptive_75,joint_grid,buffered,5000,0.341,0.208864516129,0.208864516129,0.208864516129,0.201464516129,0.0074,0.000245161290323,0.000262081119792,0.0242189351429,0.394109665232,0.341618926529,0.000971032367862,0.113905274745,-0.101017525031,-0.0536904249013,-0.280282768145,0.791135483871,0.0094954801582,0.1014,0.0384,0.436365689964,ARS,ETH,0.15,0.2,1
adaptive_75,joint_grid,buffered,5000,0.341,0.208864516129,0.208864516129,0.208864516129,0.193574193548,0.0152903225806,0.00156774193548,0.00165214008716,0.0215835392597,0.475764598939,0.42936998848,0.00105613498717,0.100905740575,-0.117056155115,-0.0536904249013,-0.357072403747,0.791135483871,0.0135071881821,0.074,0.0182,0.450058812903,ARS,ETH,0.15,0.2,2
adaptive_75,joint_grid,buffered,5000,0.341,0.208864516129,0.208864516129,0.208864516129,0.208864516129,0,0,0,0.0197655499485,0.185683931666,0.17321828418,0.000679195605794,0.0934418435092,-0.107096384934,-0.0536904249013,-0.309387089049,0.791135483871,0.00674625532625,0.1014,0.0258,0.430855208131,ARS,ETH,0.15,0.4,0
adaptive_75,joint_grid,buffered,5000,0.341,0.208864516129,0.208864516129,0.208864516129,0.201464516129,0.0074,0.000245161290323,0.000262081119792,0.0264184139359,0.409159896154,0.362639947176,0.00101987229093,0.124249752515,-0.103787866521,-0.0536904249013,-0.293546588829,0.791135483871,0.00774768002293,0.1098,0.0406,0.432418411036,ARS,ETH,0.15,0.4,1
adaptive_75,joint_grid,buffered,5000,0.341,0.208864516129,0.208864516129,0.208864516129,0.193574193548,0.0152903225806,0.00156774193548,0.00165214008716,0.0231357786103,0.483114558093,0.438556252436,0.00109780606299,0.108162653324,-0.122322888385,-0.0536904249013,-0.382288430707,0.791135483871,0.0127550764886,0.0796,0.0192,0.447754461859,ARS,ETH,0.15,0.4,2
adaptive_75,joint_grid,base,5000,0.6336,0.427088003495,0.427088003495,0.427088003495,0.427088003495,0,0,0,0.000619831773073,0.0196921425716,0.00872015417984,3.62646502995e-05,0.00147152935182,-0.116742068865,-0.0784086094785,-0.168164020712,0.572911996505,0.0501827614146,0,0,0.415461229123,TRY,ETH,0.05,0,0
adaptive_75,joint_grid,base,5000,0.6336,0.427088003495,0.427088003495,0.427088003495,0.419154670233,0.00793333326222,7.13333371556e-05,7.07244598722e-05,0.0133493243926,0.19183566566,0.177499050413,0.000574095595141,0.0310488036968,-0.100351137852,-0.0784086094785,-0.12978567508,0.572911996505,0.038313961218,0.058,0.0016,0.411408178594,TRY,ETH,0.05,0,1
adaptive_75,joint_grid,base,5000,0.6336,0.427088003495,0.427088003495,0.427088003495,0.409029337369,0.0180586661255,0.0016439999808,0.00163882654166,0.0195130995776,0.363122860846,0.292080814983,0.000898094389798,0.0443922091843,-0.111021880164,-0.0784086094785,-0.154770554602,0.572911996505,0.0421197693063,0.0738,0.0094,0.427720927025,TRY,ETH,0.05,0,2
adaptive_75,joint_grid,base,5000,0.6336,0.427088003495,0.427088003495,0.427088003495,0.427088003495,0,0,0,0.00971384473161,0.125436340383,0.109355927256,0.000326539411344,0.0230614309601,-0.156443436993,-0.0784086094785,-0.261122305194,0.572911996505,0.0310663010597,0.0126,0,0.38725075581,TRY,ETH,0.05,0.2,0
adaptive_75,joint_grid,base,5000,0.6336,0.427088003495,0.427088003495,0.427088003495,0.419154670233,0.00793333326222,7.13333371556e-05,7.07244598722e-05,0.0361830645858,0.315164679325,0.304137926579,0.0010736091428,0.0841571330828,-0.127410120652,-0.0784086094785,-0.193142600536,0.572911996505,0.0235638382572,0.1368,0.0634,0.37382431544,TRY,ETH,0.05,0.2,1
adaptive_75,joint_grid,base,5000,0.6336,0.427088003495,0.427088003495,0.427088003495,0.409029337369,0.0180586661255,0.0016439999808,0.00163882654166,0.0347054432695,0.448182162389,0.417448753431,0.00132790826532,0.0789547191785,-0.159903029875,-0.0784086094785,-0.269222726778,0.572911996505,0.0325375861721,0.109,0.049,0.402946400199,TRY,ETH,0.05,0.2,2
adaptive_75,joint_grid,base,5000,0.6336,0.427088003495,0.427088003495,0.427088003495,0.427088003495,0,0,0,0.0255063239565,0.191670257116,0.171918418026,0.000609293810582,0.0605540180249,-0.166689577686,-0.0784086094785,-0.28511300643,0.572911996505,0.0182267962206,0.0878,0.022,0.358618771746,TRY,ETH,0.05,0.4,0
adaptive_75,joint_grid,base,5000,0.6336,0.427088003495,0.427088003495,0.427088003495,0.419154670233,0.00793333326222,7.13333371556e-05,7.07244598722e-05,0.0564432973369,0.369361325662,0.358929454567,0.00142126407748,0.131279816677,-0.138610014419,-0.0784086094785,-0.21936645528,0.572911996505,0.0178619283941,0.242,0.0958,0.347862172826,TRY,ETH,0.05,0.4,1
adaptive_75,joint_grid,base,5000,0.6336,0.427088003495,0.427088003495,0.427088003495,0.409029337369,0.0180586661255,0.0016439999808,0.00163882654166,0.0487200395564,0.503469593299,0.472724355909,0.00160325852106,0.110837859401,-0.180919674009,-0.0784086094785,-0.318431892014,0.572911996505,0.0256477873262,0.1422,0.0648,0.382042005066,TRY,ETH,0.05,0.4,2
adaptive_75,joint_grid,base,5000,0.6336,0.427088003495,0.427088003495,0.427088003495,0.427088003495,0,0,0,0.00123252317194,0.0316259114561,0.0178929808351,6.09224683485e-05,0.002926106894,-0.13119788842,-0.0784086094785,-0.202011423206,0.572911996505,0.0483733532908,0,0,0.4130391296,TRY,ETH,0.08,0,0
adaptive_75,joint_grid,base,5000,0.6336,0.427088003495,0.427088003495,0.427088003495,0.419154670233,0.00793333326222,7.13333371556e-05,7.07244598722e-05,0.0163377352243,0.215293941928,0.201964330919,0.000663324190004,0.0379994611647,-0.111246746523,-0.0784086094785,-0.155297065196,0.572911996505,0.0356339161449,0.0818,0.0328,0.405739722689,TRY,ETH,0.08,0,1
adaptive_75,joint_grid,base,5000,0.6336,0.427088003495,0.427088003495,0.427088003495,0.409029337369,0.0180586661255,0.0016439999808,0.00163882654166,0.0221625923574,0.382584055467,0.316308099274,0.000981838053381,0.0504197927184,-0.125643573221,-0.0784086094785,-0.189006339586,0.572911996505,0.0407785790044,0.0782,0.0378,0.423730243943,TRY,ETH,0.08,0,2
adaptive_75,joint_grid,base,5000,0.6336,0.427088003495,0.427088003495,0.427088003495,0.427088003495,0,0,0,0.0147146885704,0.154520388628,0.138657680126,0.000441523051327,0.0349338273301,-0.163518455358,-0.0784086094785,-0.277688020708,0.572911996505,0.026264244187,0.0502,0,0.377447855098,TRY,ETH,0.08,0.2,0
adaptive_75,joint_grid,base,5000,0.6336,0.427088003495,0.427088003495,0.427088003495,0.419154670233,0.00793333326222,7.13333371556e-05,7.07244598722e-05,0.0434650962042,0.339350169948,0.328603207085,0.00120393615702,0.10109419773,-0.134378361343,-0.0784086094785,-0.209458302766,0.572911996505,0.0212500459911,0.1684,0.0656,0.364228491556,TRY,ETH,0.08,0.2,1
adaptive_75,joint_grid,base,5000,0.6336,0.427088003495,0.427088003495,0.427088003495,0.409029337369,0.0180586661255,0.0016439999808,0.00163882654166,0.0395964409318,0.468110970883,0.442350802204,0.00142792567257,0.0900817157114,-0.170695228453,-0.0784086094785,-0.294491988593,0.572911996505,0.0296084062747,0.1216,0.055,0.395126222639,TRY,ETH,0.08,0.2,2
adaptive_75,joint_grid,base,5000,0.6336,0.427088003495,0.427088003495,0.427088003495,0.427088003495,0,0,0,0.0264446093994,0.191670257124,0.171918418026,0.000618082560631,0.0627815814211,-0.171274691138,-0.0784086094785,-0.295848764434,0.572911996505,0.0166582085452,0.0898,0.022,0.356111898627,TRY,ETH,0.08,0.4,0
adaptive_75,joint_grid,base,5000,0.6336,0.427088003495,0.427088003495,0.427088003495,0.419154670233,0.00793333326222,7.13333371556e-05,7.07244598722e-05,0.057875766929,0.372660162823,0.362263157881,0.00144108382651,0.134611555861,-0.143226633429,-0.0784086094785,-0.23017598159,0.572911996505,0.016403269414,0.245,0.0958,0.344971044254,TRY,ETH,0.08,0.4,1
adaptive_75,joint_grid,base,5000,0.6336,0.427088003495,0.427088003495,0.427088003495,0.409029337369,0.0180586661255,0.0016439999808,0.00163882654166,0.0500960418357,0.50862537587,0.473278001603,0.00162636202923,0.113968258074,-0.18674736673,-0.0784086094785,-0.332077072102,0.572911996505,0.0246521279103,0.1462,0.0662,0.379670343371,TRY,ETH,0.08,0.4,2
adaptive_75,joint_grid,base,5000,0.6336,0.427088003495,0.427088003495,0.427088003495,0.427088003495,0,0,0,0.00400838028403,0.070175862175,0.052719490486,0.000153748000343,0.00951620987734,-0.160419074276,-0.0784086094785,-0.270431012652,0.572911996505,0.0409885850796,0.0002,0,0.402878504277,TRY,ETH,0.15,0,0
adaptive_75,joint_grid,base,5000,0.6336,0.427088003495,0.427088003495,0.427088003495,0.419154670233,0.00793333326222,7.13333371556e-05,7.07244598722e-05,0.0257926831866,0.270592382586,0.259049985433,0.000888892957712,0.0599904484694,-0.132790004077,-0.0784086094785,-0.205739263006,0.572911996505,0.0279826376515,0.0932,0.0588,0.388633496234,TRY,ETH,0.15,0,1
adaptive_75,joint_grid,base,5000,0.6336,0.427088003495,0.427088003495,0.427088003495,0.409029337369,0.0180586661255,0.0016439999808,0.00163882654166,0.0294336896589,0.428293755607,0.372838429288,0.00119271730114,0.0669615046656,-0.156976824232,-0.0784086094785,-0.262371198243,0.572911996505,0.0359540496605,0.1028,0.0442,0.411634617298,TRY,ETH,0.15,0,2
adaptive_75,joint_grid,base,5000,0.6336,0.427088003495,0.427088003495,0.427088003495,0.427088003495,0,0,0,0.0258094089382,0.190019139171,0.17191408961,0.000614119654844,0.0612735655957,-0.175592753249,-0.0784086094785,-0.305959238331,0.572911996505,0.0171988677595,0.0874,0.022,0.357287758303,TRY,ETH,0.15,0.2,0
adaptive_75,joint_grid,base,5000,0.6336,0.427088003495,0.427088003495,0.427088003495,0.419154670233,0.00793333326222,7.13333371556e-05,7.07244598722e-05,0.057335112091,0.375902995746,0.36737483517,0.00144110952869,0.133354062565,-0.146987957741,-0.0784086094785,-0.238982888554,0.572911996505,0.0159539199346,0.2434,0.096,0.345062349612,TRY,ETH,0.15,0.2,1
adaptive_75,joint_grid,base,5000,0.6336,0.427088003495,0.427088003495,0.427088003495,0.409029337369,0.0180586661255,0.0016439999808,0.00163882654166,0.0499801505466,0.508038116881,0.474433699056,0.00162740422518,0.113704605939,-0.190557595098,-0.0784086094785,-0.340998484871,0.572911996505,0.02437548337,0.1448,0.0654,0.37950959012,TRY,ETH,0.15,0.2,2
adaptive_75,joint_grid,base,5000,0.6336,0.427088003495,0.427088003495,0.427088003495,0.427088003495,0,0,0,0.0284349091936,0.192014860428,0.172350182043,0.000638019429756,0.0675067095823,-0.178483603972,-0.0784086094785,-0.312727985519,0.572911996505,0.0113638161864,0.093,0.022,0.348827206474,TRY,ETH,0.15,0.4,0
adaptive_75,joint_grid,base,5000,0.6336,0.427088003495,0.427088003495,0.427088003495,0.419154670233,0.00793333326222,7.13333371556e-05,7.07244598722e-05,0.0614690073092,0.381331366234,0.370041798948,0.00148260554464,0.14296896871,-0.151849561503,-0.0784086094785,-0.250366031423,0.572911996505,0.0131865006125,0.252,0.0986,0.338161035072,TRY,ETH,0.15,0.4,1
adaptive_75,joint_grid,base,5000,0.6336,0.427088003495,0.427088003495,0.427088003495,0.409029337369,0.0180586661255,0.0016439999808,0.00163882654166,0.0535066108742,0.520009264784,0.480967275862,0.00167744370352,0.121727286494,-0.198145926194,-0.0784086094785,-0.358766090222,0.572911996505,0.0226216922369,0.1532,0.0696,0.374229338659,TRY,ETH,0.15,0.4,2
adaptive_75,joint_grid,uniform,5000,0.6336,0.421438709677,0.421438709677,0.421438709677,0.421438709677,0,0,0,0.000717584118008,0.0152883845933,0.0102402382281,3.41110228976e-05,0.00172587134061,-0.114548719613,-0.07841105806,-0.16415937857,0.578561290323,0.0479664551176,0,0,0.414831767495,TRY,ETH,0.05,0,0
adaptive_75,joint_grid,uniform,5000,0.6336,0.421438709677,0.421438709677,0.421438709677,0.413529032258,0.00790967741935,6.45161290323e-05,6.44325707714e-05,0.0135893113526,0.193167773873,0.172738405259,0.000554135191445,0.0320190958189,-0.100236389655,-0.07841105806,-0.130198734639,0.578561290323,0.0378053489118,0.052,0.0042,0.41203272149,TRY,ETH,0.05,0,1
adaptive_75,joint_grid,uniform,5000,0.6336,0.421438709677,0.421438709677,0.421438709677,0.404387096774,0.0170516129032,0.00149677419355,0.00149657451487,0.0189418528005,0.361714216938,0.30960012135,0.000858787952958,0.0436597746826,-0.111441327096,-0.07841105806,-0.15678608218,0.578561290323,0.0416448926258,0.0716,0.0092,0.428755506229,TRY,ETH,0.05,0,2
adaptive_75,joint_grid,uniform,5000,0.6336,0.421438709677,0.421438709677,0.421438709677,0.421438709677,0,0,0,0.00854799737489,0.0867109401062,0.0726830037382,0.000258019867804,0.0205589049683,-0.146221382961,-0.07841105806,-0.23931304296,0.578561290323,0.0347198954701,0.0018,0,0.39375479459,TRY,ETH,0.05,0.2,0
adaptive_75,joint_grid,uniform,5000,0.6336,0.421438709677,0.421438709677,0.421438709677,0.413529032258,0.00790967741935,6.45161290323e-05,6.44325707714e-05,0.0301714925973,0.282328841761,0.267787728031,0.000922798622148,0.0710899829586,-0.12449228984,-0.07841105806,-0.187753723368,0.578561290323,0.0271009783803,0.1252,0.0392,0.384746169714,TRY,ETH,0.05,0.2,1
adaptive_75,joint_grid,uniform,5000,0.6336,0.421438709677,0.421438709677,0.421438709677,0.404387096774,0.0170516129032,0.00149677419355,0.00149657451487,0.0303039626162,0.43319945865,0.393001393037,0.00117672292096,0.0698487203837,-0.151362379494,-0.07841105806,-0.251511724323,0.578561290323,0.0344165070702,0.1024,0.0432,0.410165010858,TRY,ETH,0.05,0.2,2
adaptive_75,joint_grid,uniform,5000,0.6336,0.421438709677,0.421438709677,0.421438709677,0.421438709677,0,0,0,0.024944073414,0.153219695508,0.133379714019,0.000580118789875,0.0599933308762,-0.158700313836,-0.07841105806,-0.268923353046,0.578561290323,0.0225181656175,0.1116,0,0.365156988699,TRY,ETH,0.05,0.4,0
adaptive_75,joint_grid,uniform,5000,0.6336,0.421438709677,0.421438709677,0.421438709677,0.413529032258,0.00790967741935,6.45161290323e-05,6.44325707714e-05,0.0510712621709,0.357220301826,0.343953671985,0.00130955865343,0.12033395914,-0.138003714831,-0.07841105806,-0.219813960553,0.578561290323,0.0214996301656,0.2334,0.0648,0.358245051925,TRY,ETH,0.05,0.4,1
adaptive_75,joint_grid,uniform,5000,0.6336,0.421438709677,0.421438709677,0.421438709677,0.404387096774,0.0170516129032,0.00149677419355,0.00149657451487,0.0448457588467,0.497771030806,0.46397414385,0.0014866213629,0.1033666425,-0.174648993035,-0.07841105806,-0.306766766175,0.578561290323,0.0271761014585,0.1342,0.0598,0.388382809016,TRY,ETH,0.05,0.4,2
adaptive_75,joint_grid,uniform,5000,0.6336,0.421438709677,0.421438709677,0.421438709677,0.421438709677,0,0,0,0.00153023084894,0.0243784801025,0.0183300767095,6.15132951822e-05,0.00368037906697,-0.128042981614,-0.07841105806,-0.196178890995,0.578561290323,0.0457180537045,0,0,0.411770719351,TRY,ETH,0.08,0,0
adaptive_75,joint_grid,uniform,5000,0.6336,0.421438709677,0.421438709677,0.421438709677,0.413529032258,0.00790967741935,6.45161290323e-05,6.44325707714e-05,0.0166527189116,0.216650370207,0.197688486584,0.000639560938268,0.0392370877847,-0.111494667614,-0.07841105806,-0.156912649856,0.578561290323,0.0355185874518,0.061,0.0328,0.406682552471,TRY,ETH,0.08,0,1
adaptive_75,joint_grid,uniform,5000,0.6336,0.421438709677,0.421438709677,0.421438709677,0.404387096774,0.0170516129032,0.00149677419355,0.00149657451487,0.0214615373367,0.381280922673,0.332299571789,0.000937571982177,0.0494674884409,-0.125934563643,-0.07841105806,-0.191175985655,0.578561290323,0.040081795731,0.0786,0.0134,0.424672724799,TRY,ETH,0.08,0,2
adaptive_75,joint_grid,uniform,5000,0.6336,0.421438709677,0.421438709677,0.421438709677,0.421438709677,0,0,0,0.012564319431,0.110356632805,0.0953894297632,0.000351596804119,0.0302186158752,-0.155010584436,-0.07841105806,-0.260168273563,0.578561290323,0.0309701088571,0.0068,0,0.385988685921,TRY,ETH,0.08,0.2,0
adaptive_75,joint_grid,uniform,5000,0.6336,0.421438709677,0.421438709677,0.421438709677,0.413529032258,0.00790967741935,6.45161290323e-05,6.44325707714e-05,0.0361458637672,0.306429128168,0.292737809356,0.00103992983042,0.0851667789038,-0.132797915353,-0.07841105806,-0.20746151319,0.578561290323,0.0247725280852,0.1368,0.0596,0.376443348249,TRY,ETH,0.08,0.2,1
adaptive_75,joint_grid,uniform,5000,0.6336,0.421438709677,0.421438709677,0.421438709677,0.404387096774,0.0170516129032,0.00149677419355,0.00149657451487,0.0345411851224,0.453007917308,0.415554254383,0.0012700718089,0.0796152507145,-0.163184919757,-0.07841105806,-0.279564534829,0.578561290323,0.0319002518613,0.111,0.045,0.403411533143,TRY,ETH,0.08,0.2,2
adaptive_75,joint_grid,uniform,5000,0.6336,0.421438709677,0.421438709677,0.421438709677,0.421438709677,0,0,0,0.026966568371,0.154273062491,0.133844768644,0.000616013583999,0.0648576610575,-0.164366483661,-0.07841105806,-0.282368178343,0.578561290323,0.0202884298005,0.1466,0,0.360904757925,TRY,ETH,0.08,0.4,0
adaptive_75,joint_grid,uniform,5000,0.6336,0.421438709677,0.421438709677,0.421438709677,0.413529032258,0.00790967741935,6.45161290323e-05,6.44325707714e-05,0.0537051835516,0.371762003739,0.352178474928,0.00136136099268,0.126539997024,-0.144249137759,-0.07841105806,-0.234633251672,0.578561290323,0.0201017134888,0.2392,0.0652,0.354213213868,TRY,ETH,0.08,0.4,1
adaptive_75,joint_grid,uniform,5000,0.6336,0.421438709677,0.421438709677,0.421438709677,0.404387096774,0.0170516129032,0.00149677419355,0.00149657451487,0.047329850048,0.510157370728,0.476290164025,0.0015380595268,0.109092315869,-0.182178796563,-0.07841105806,-0.324633666759,0.578561290323,0.0259368988147,0.1402,0.0624,0.384659515171,TRY,ETH,0.08,0.4,2
adaptive_75,joint_grid,uniform,5000,0.6336,0.421438709677,0.421438709677,0.421438709677,0.421438709677,0,0,0,0.00523219511133,0.0533279541652,0.0422458564793,0.000164399360366,0.0125840237604,-0.155814251838,-0.07841105806,-0.262075235082,0.578561290323,0.0385622311874,0,0,0.400912932571,TRY,ETH,0.15,0,0
adaptive_75,joint_grid,uniform,5000,0.6336,0.421438709677,0.421438709677,0.421438709677,0.413529032258,0.00790967741935,6.45161290323e-05,6.44325707714e-05,0.0258967507913,0.27170938759,0.255905343009,0.000856459308047,0.061017848769,-0.134262209246,-0.07841105806,-0.210936025281,0.578561290323,0.0287771180142,0.0948,0.0384,0.390697051154,TRY,ETH,0.15,0,1
adaptive_75,joint_grid,uniform,5000,0.6336,0.421438709677,0.421438709677,0.421438709677,0.404387096774,0.0170516129032,0.00149677419355,0.00149657451487,0.0286663697703,0.427096611954,0.385206132893,0.00113659780013,0.0660741722743,-0.157256621342,-0.07841105806,-0.265497724453,0.578561290323,0.0352646439171,0.1004,0.0434,0.412650740551,TRY,ETH,0.15,0,2
adaptive_75,joint_grid,uniform,5000,0.6336,0.421438709677,0.421438709677,0.421438709677,0.421438709677,0,0,0,0.0239878443102,0.149530954051,0.129956817655,0.000571507502033,0.0576934912285,-0.169967778992,-0.07841105806,-0.295659067864,0.578561290323,0.0211695216111,0.1106,0,0.364764573796,TRY,ETH,0.15,0.2,0
adaptive_75,joint_grid,uniform,5000,0.6336,0.421438709677,0.421438709677,0.421438709677,0.413529032258,0.00790967741935,6.45161290323e-05,6.44325707714e-05,0.05096940498,0.360210307821,0.350954665781,0.00131098856943,0.120093963524,-0.148785476843,-0.07841105806,-0.245397187162,0.578561290323,0.0193440559916,0.213,0.0648,0.356191334942,TRY,ETH,0.15,0.2,1
adaptive_75,joint_grid,uniform,5000,0.6336,0.421438709677,0.421438709677,0.421438709677,0.404387096774,0.0170516129032,0.00149677419355,0.00149657451487,0.0457554797389,0.498273908503,0.465857117711,0.00149781097097,0.105463491715,-0.186519781332,-0.07841105806,-0.334934060787,0.578561290323,0.0260934016037,0.1374,0.0596,0.386390388269,TRY,ETH,0.15,0.2,2
adaptive_75,joint_grid,uniform,5000,0.6336,0.421438709677,0.421438709677,0.421438709677,0.421438709677,0,0,0,0.0305791086827,0.160857608212,0.143791849247,0.000667922728489,0.0735462309888,-0.17370535163,-0.07841105806,-0.304527670942,0.578561290323,0.0139784820401,0.1554,0,0.350982269853,TRY,ETH,0.15,0.4,0
adaptive_75,joint_grid,uniform,5000,0.6336,0.421438709677,0.421438709677,0.421438709677,0.413529032258,0.00790967741935,6.45161290323e-05,6.44325707714e-05,0.0584661763257,0.386948910172,0.371369681796,0.00143381585796,0.137757834328,-0.156201735561,-0.07841105806,-0.262994665864,0.578561290323,0.0161614365353,0.2512,0.0688,0.34551194414,TRY,ETH,0.15,0.4,1
adaptive_75,joint_grid,uniform,5000,0.6336,0.421438709677,0.421438709677,0.421438709677,0.404387096774,0.0170516129032,0.00149677419355,0.00149657451487,0.0520611208574,0.524290526528,0.491674849999,0.00161670219433,0.119997596343,-0.197758380297,-0.07841105806,-0.361601281209,0.578561290323,0.0236633284785,0.1496,0.0642,0.377654674025,TRY,ETH,0.15,0.4,2
adaptive_75,joint_grid,near_threshold,5000,0.6336,0.553195066195,0.553195066195,0.553195066195,0.553195066195,0,0,0,0.000584783768761,0.01640645745,0.00988933240165,3.54643365998e-05,0.00107085683346,-0.126436067413,-0.0816689090846,-0.162593633588,0.446804933805,0.0618541273143,0,0,0.381721392727,TRY,ETH,0.05,0,0
adaptive_75,joint_grid,near_threshold,5000,0.6336,0.553195066195,0.553195066195,0.553195066195,0.545765529533,0.00742953666246,1.39244224432e-05,1.37209585444e-05,0.0216115109247,0.264745034279,0.263247542,0.000827344459555,0.0390572006484,-0.097175225624,-0.0816689090846,-0.109699376974,0.446804933805,0.0465860786992,0.0786,0.0568,0.369024268952,TRY,ETH,0.05,0,1
adaptive_75,joint_grid,near_threshold,5000,0.6336,0.553195066195,0.553195066195,0.553195066195,0.537128168694,0.0160668975006,0.00150146639178,0.00151030718543,0.0264971984158,0.408023056526,0.356770794344,0.00115210265418,0.046784580717,-0.117001964462,-0.0816689090846,-0.145539788519,0.446804933805,0.0543351927491,0.0896,0.0408,0.395578298368,TRY,ETH,0.05,0,2
adaptive_75,joint_grid,near_threshold,5000,0.6336,0.553195066195,0.553195066195,0.553195066195,0.553195066195,0,0,0,0.0260158352731,0.176881013503,0.172081639976,0.000688371871054,0.0476402329689,-0.179061011086,-0.0816689090846,-0.257722724372,0.446804933805,0.0354909936391,0.114,0.0464,0.329927207548,TRY,ETH,0.05,0.2,0
adaptive_75,joint_grid,near_threshold,5000,0.6336,0.553195066195,0.553195066195,0.553195066195,0.545765529533,0.00742953666246,1.39244224432e-05,1.37209585444e-05,0.0602284762397,0.405246028318,0.403514203716,0.00155423606626,0.108847349426,-0.144227066946,-0.0816689090846,-0.194754078646,0.446804933805,0.0305153977309,0.215,0.14,0.314336622669,TRY,ETH,0.05,0.2,1
adaptive_75,joint_grid,near_threshold,5000,0.6336,0.553195066195,0.553195066195,0.553195066195,0.537128168694,0.0160668975006,0.00150146639178,0.00151030718543,0.0541070566899,0.524046865594,0.502949741456,0.00171572471726,0.0955337210124,-0.185211004044,-0.0816689090846,-0.268839947451,0.446804933805,0.0364303347929,0.1836,0.0676,0.350063582138,TRY,ETH,0.05,0.2,2
adaptive_75,joint_grid,near_threshold,5000,0.6336,0.553195066195,0.553195066195,0.553195066195,0.553195066195,0,0,0,0.0457930560257,0.228952388937,0.222420966812,0.000987836498591,0.0838563065351,-0.190792281876,-0.0816689090846,-0.278929115222,0.446804933805,0.0130704872368,0.243,0.1288,0.287729480393,TRY,ETH,0.05,0.4,0
adaptive_75,joint_grid,near_threshold,5000,0.6336,0.553195066195,0.553195066195,0.553195066195,0.545765529533,0.00742953666246,1.39244224432e-05,1.37209585444e-05,0.082560264138,0.442253306998,0.440414465531,0.00181121493727,0.149206263887,-0.166029555291,-0.0816689090846,-0.234166014286,0.446804933805,0.0202760623701,0.3018,0.1502,0.28176549941,TRY,ETH,0.05,0.4,1
adaptive_75,joint_grid,near_threshold,5000,0.6336,0.553195066195,0.553195066195,0.553195066195,0.537128168694,0.0160668975006,0.00150146639178,0.00151030718543,0.0733288714865,0.558229037579,0.53857564378,0.00194593463539,0.129472574916,-0.219387212055,-0.0816689090846,-0.330619616324,0.446804933805,0.0295920752936,0.2378,0.1286,0.324003507842,TRY,ETH,0.05,0.4,2
adaptive_75,joint_grid,near_threshold,5000,0.6336,0.553195066195,0.553195066195,0.553195066195,0.553195066195,0,0,0,0.00154362921859,0.03128295926,0.0253040174934,7.82525921416e-05,0.00282669592651,-0.142469469343,-0.0816689090846,-0.191576903523,0.446804933805,0.0573770973599,0,0,0.376285517323,TRY,ETH,0.08,0,0
adaptive_75,joint_grid,near_threshold,5000,0.6336,0.553195066195,0.553195066195,0.553195066195,0.545765529533,0.00742953666246,1.39244224432e-05,1.37209585444e-05,0.0261791475831,0.28623162967,0.284789494562,0.000922485432445,0.0473120192067,-0.111182968279,-0.0816689090846,-0.135020901894,0.446804933805,0.0438159142567,0.107,0.0568,0.361686467851,TRY,ETH,0.08,0,1
adaptive_75,joint_grid,near_threshold,5000,0.6336,0.553195066195,0.553195066195,0.553195066195,0.537128168694,0.0160668975006,0.00150146639178,0.00151030718543,0.0294608411013,0.426406337651,0.379847576025,0.00123716681429,0.0520173143162,-0.13482593997,-0.0816689090846,-0.17775984361,0.446804933805,0.0514210650635,0.0952,0.0434,0.389700527997,TRY,ETH,0.08,0,2
adaptive_75,joint_grid,near_threshold,5000,0.6336,0.553195066195,0.553195066195,0.553195066195,0.553195066195,0,0,0,0.0343085606831,0.207219949229,0.202062042075,0.000863068152305,0.0628258830291,-0.186822028812,-0.0816689090846,-0.271752165702,0.446804933805,0.0300754594404,0.1986,0.1268,0.316218947939,TRY,ETH,0.08,0.2,0
adaptive_75,joint_grid,near_threshold,5000,0.6336,0.553195066195,0.553195066195,0.553195066195,0.545765529533,0.00742953666246,1.39244224432e-05,1.37209585444e-05,0.069245312604,0.426883644462,0.425056156278,0.00169589712658,0.12514294247,-0.153478676861,-0.0816689090846,-0.211478034589,0.446804933805,0.0274383002549,0.2548,0.1434,0.302242688829,TRY,ETH,0.08,0.2,1
adaptive_75,joint_grid,near_threshold,5000,0.6336,0.553195066195,0.553195066195,0.553195066195,0.537128168694,0.0160668975006,0.00150146639178,0.00151030718543,0.0619553872488,0.543202701392,0.524786250623,0.0018264794648,0.109391067316,-0.197998924037,-0.0816689090846,-0.291956422587,0.446804933805,0.0333648394654,0.2184,0.0962,0.339149756252,TRY,ETH,0.08,0.2,2
adaptive_75,joint_grid,near_threshold,5000,0.6336,0.553195066195,0.553195066195,0.553195066195,0.553195066195,0,0,0,0.0463650251763,0.22895338943,0.222420966812,0.000987300153296,0.0849036972223,-0.193332850342,-0.0816689090846,-0.283521651601,0.446804933805,0.0110837464655,0.2436,0.1288,0.285170770471,TRY,ETH,0.08,0.4,0
adaptive_75,joint_grid,near_threshold,5000,0.6336,0.553195066195,0.553195066195,0.553195066195,0.545765529533,0.00742953666246,1.39244224432e-05,1.37209585444e-05,0.0834671809336,0.442524943597,0.440701096617,0.00181514185967,0.150845280769,-0.169954473944,-0.0816689090846,-0.241261013668,0.446804933805,0.0197119355457,0.3032,0.1506,0.28029445579,TRY,ETH,0.08,0.4,1
adaptive_75,joint_grid,near_threshold,5000,0.6336,0.553195066195,0.553195066195,0.553195066195,0.537128168694,0.0160668975006,0.00150146639178,0.00151030718543,0.0740855066554,0.558860665042,0.53898186391,0.00195301975438,0.130808522157,-0.224026305878,-0.0816689090846,-0.339005616319,0.446804933805,0.0291157944826,0.2396,0.129,0.322770591862,TRY,ETH,0.08,0.4,2
adaptive_75,joint_grid,near_threshold,5000,0.6336,0.553195066195,0.553195066195,0.553195066195,0.553195066195,0,0,0,0.00722025393774,0.0832608959125,0.0779278268669,0.00025167019148,0.0132217388401,-0.175253731557,-0.0816689090846,-0.250840378954,0.446804933805,0.0457430038467,0.0008,0,0.358974799091,TRY,ETH,0.15,0,0
adaptive_75,joint_grid,near_threshold,5000,0.6336,0.553195066195,0.553195066195,0.553195066195,0.545765529533,0.00742953666246,1.39244224432e-05,1.37209585444e-05,0.0394668881858,0.336551129947,0.335054050539,0.00117664156758,0.0713261639231,-0.140031955209,-0.0816689090846,-0.187170656463,0.446804933805,0.0361463730273,0.174,0.0596,0.340729186019,TRY,ETH,0.15,0,1
adaptive_75,joint_grid,near_threshold,5000,0.6336,0.553195066195,0.553195066195,0.553195066195,0.537128168694,0.0160668975006,0.00150146639178,0.00151030718543,0.0388877750126,0.469303438497,0.433693399947,0.00144377226236,0.068661909853,-0.172634323788,-0.0816689090846,-0.246105326294,0.446804933805,0.0433523090736,0.1192,0.0552,0.372204838096,TRY,ETH,0.15,0,2
adaptive_75,joint_grid,near_threshold,5000,0.6336,0.553195066195,0.553195066195,0.553195066195,0.553195066195,0,0,0,0.0455232002299,0.228955712764,0.222420966812,0.000993164974524,0.0833621462345,-0.195961997596,-0.0816689090846,-0.288274310137,0.446804933805,0.0143041949798,0.243,0.1288,0.289233043932,TRY,ETH,0.15,0.2,0
adaptive_75,joint_grid,near_threshold,5000,0.6336,0.553195066195,0.553195066195,0.553195066195,0.545765529533,0.00742953666246,1.39244224432e-05,1.37209585444e-05,0.0823858951527,0.443140492021,0.441350280201,0.00182101869113,0.148891137172,-0.170490574144,-0.0816689090846,-0.24223011161,0.446804933805,0.0205428311964,0.301,0.1506,0.282206637221,TRY,ETH,0.15,0.2,1
adaptive_75,joint_grid,near_threshold,5000,0.6336,0.553195066195,0.553195066195,0.553195066195,0.537128168694,0.0160668975006,0.00150146639178,0.00151030718543,0.0736635773661,0.559955078237,0.53984465494,0.00195370988791,0.130063545855,-0.223237595811,-0.0816689090846,-0.337579880418,0.446804933805,0.0295845073796,0.2388,0.1288,0.323661234048,TRY,ETH,0.15,0.2,2
adaptive_75,joint_grid,near_threshold,5000,0.6336,0.553195066195,0.553195066195,0.553195066195,0.553195066195,0,0,0,0.0473879462302,0.228955723915,0.222420966812,0.00098656502165,0.0867768716488,-0.197814198246,-0.0816689090846,-0.291622497356,0.446804933805,0.00838681178647,0.245,0.1288,0.281450914738,TRY,ETH,0.15,0.4,0
adaptive_75,joint_grid,near_threshold,5000,0.6336,0.553195066195,0.553195066195,0.553195066195,0.545765529533,0.00742953666246,1.39244224432e-05,1.37209585444e-05,0.0851002089435,0.443178778158,0.441369902485,0.00182327158224,0.153796555341,-0.175169695083,-0.0816689090846,-0.250688467848,0.446804933805,0.0179602227101,0.3066,0.152,0.276909714944,TRY,ETH,0.15,0.4,1
adaptive_75,joint_grid,near_threshold,5000,0.6336,0.553195066195,0.553195066195,0.553195066195,0.537128168694,0.0160668975006,0.00150146639178,0.00151030718543,0.0755428986813,0.56038757559,0.540476782246,0.00196832057798,0.133381755516,-0.23095324667,-0.0816689090846,-0.351527312943,0.446804933805,0.0281879431332,0.2448,0.1318,0.320385348487,TRY,ETH,0.15,0.4,2
adaptive_75,joint_grid,buffered,5000,0.3676,0.220948387097,0.220948387097,0.220948387097,0.220948387097,0,0,0,0.000404610919059,0.0106875454736,0.00668471466486,2.3914500006e-05,0.00185395771967,-0.0964335114117,-0.0773510017346,-0.163717369591,0.779051612903,0.0248462864732,0,0,0.459845557155,TRY,ETH,0.05,0,0
adaptive_75,joint_grid,buffered,5000,0.3676,0.220948387097,0.220948387097,0.220948387097,0.214103225806,0.00684516129032,6.45161290323e-05,6.62008442163e-05,0.00535145306403,0.168410359453,0.131599220147,0.000316652899515,0.0238111011892,-0.0947541827983,-0.0773510017346,-0.156116822533,0.779051612903,0.0209717597044,0.0184,0,0.462945749034,TRY,ETH,0.05,0,1
adaptive_75,joint_grid,buffered,5000,0.3676,0.220948387097,0.220948387097,0.220948387097,0.205922580645,0.0150258064516,0.00234838709677,0.00237627304659,0.00882067478045,0.313163704006,0.234480996246,0.000569606184053,0.0383400914446,-0.0989604226987,-0.0773510017346,-0.175154028261,0.779051612903,0.0217451076451,0.0322,0.0024,0.470352718599,TRY,ETH,0.05,0,2
adaptive_75,joint_grid,buffered,5000,0.3676,0.220948387097,0.220948387097,0.220948387097,0.220948387097,0,0,0,0.00632092446037,0.0932054528781,0.0872937124939,0.000272700536709,0.0289629521764,-0.112408830591,-0.0773510017346,-0.236020767634,0.779051612903,0.017459137234,0.0024,0,0.446542094375,TRY,ETH,0.05,0.2,0
adaptive_75,joint_grid,buffered,5000,0.3676,0.220948387097,0.220948387097,0.220948387097,0.214103225806,0.00684516129032,6.45161290323e-05,6.62008442163e-05,0.0148336574044,0.2763217014,0.222789337735,0.000656982233924,0.0660018341251,-0.109287210103,-0.0773510017346,-0.221892488494,0.779051612903,0.0149541256863,0.0716,0.0048,0.447445910675,TRY,ETH,0.05,0.2,1
adaptive_75,joint_grid,buffered,5000,0.3676,0.220948387097,0.220948387097,0.220948387097,0.205922580645,0.0150258064516,0.00234838709677,0.00237627304659,0.0168763257696,0.413933832676,0.347204731441,0.000881203382153,0.0733549177768,-0.119725007412,-0.0773510017346,-0.26913337333,0.779051612903,0.017526759326,0.0606,0.0108,0.45807871929,TRY,ETH,0.05,0.2,2
adaptive_75,joint_grid,buffered,5000,0.3676,0.220948387097,0.220948387097,0.220948387097,0.220948387097,0,0,0,0.014112912253,0.154223246146,0.144402159738,0.000524360529374,0.0646664273897,-0.119054292084,-0.0773510017346,-0.266097753397,0.779051612903,0.0125035569453,0.0592,0,0.433794526293,TRY,ETH,0.05,0.4,0
adaptive_75,joint_grid,buffered,5000,0.3676,0.220948387097,0.220948387097,0.220948387097,0.214103225806,0.00684516129032,6.45161290323e-05,6.62008442163e-05,0.0239476767653,0.345265708266,0.295624006283,0.000941183076285,0.106554341014,-0.117211028074,-0.0773510017346,-0.257755243935,0.779051612903,0.0120339280114,0.102,0.01,0.435411693639,TRY,ETH,0.05,0.4,1
adaptive_75,joint_grid,buffered,5000,0.3676,0.220948387097,0.220948387097,0.220948387097,0.205922580645,0.0150258064516,0.00234838709677,0.00237627304659,0.0240369238916,0.469568521968,0.403597232438,0.00110477081087,0.104479292457,-0.131758543439,-0.0773510017346,-0.323596482043,0.779051612903,0.0146319910797,0.0842,0.0212,0.448023352922,TRY,ETH,0.05,0.4,2
adaptive_75,joint_grid,buffered,5000,0.3676,0.220948387097,0.220948387097,0.220948387097,0.220948387097,0,0,0,0.000864449519342,0.0183515114932,0.0127659841145,4.44426383431e-05,0.00396097283626,-0.103452656175,-0.0773510017346,-0.195485624864,0.779051612903,0.0236624208554,0,0,0.458201852937,TRY,ETH,0.08,0,0
adaptive_75,joint_grid,buffered,5000,0.3676,0.220948387097,0.220948387097,0.220948387097,0.214103225806,0.00684516129032,6.45161290323e-05,6.62008442163e-05,0.00678604209498,0.191910172268,0.157066998559,0.00037346446641,0.0301942543575,-0.101125296612,-0.0773510017346,-0.184952126094,0.779051612903,0.0197320417543,0.0218,0,0.460271442053,TRY,ETH,0.08,0,1
adaptive_75,joint_grid,buffered,5000,0.3676,0.220948387097,0.220948387097,0.220948387097,0.205922580645,0.0150258064516,0.00234838709677,0.00237627304659,0.010239150376,0.334051351842,0.256237119422,0.000626119841925,0.0445056610182,-0.106692166133,-0.0773510017346,-0.210147465124,0.779051612903,0.0208993538365,0.0382,0.0034,0.468088489194,TRY,ETH,0.08,0,2
adaptive_75,joint_grid,buffered,5000,0.3676,0.220948387097,0.220948387097,0.220948387097,0.220948387097,0,0,0,0.00867973095564,0.119000387525,0.112085476185,0.00035972568917,0.0397711812803,-0.116944088589,-0.0773510017346,-0.256547090805,0.779051612903,0.0156903527454,0.0356,0,0.442414503391,TRY,ETH,0.08,0.2,0
adaptive_75,joint_grid,buffered,5000,0.3676,0.220948387097,0.220948387097,0.220948387097,0.214103225806,0.00684516129032,6.45161290323e-05,6.62008442163e-05,0.0179646688375,0.30116458967,0.24478766405,0.000762241753084,0.0799331587893,-0.11396672716,-0.0773510017346,-0.243071720073,0.779051612903,0.0137192333826,0.081,0.0058,0.443080006938,TRY,ETH,0.08,0.2,1
adaptive_75,joint_grid,buffered,5000,0.3676,0.220948387097,0.220948387097,0.220948387097,0.205922580645,0.0150258064516,0.00234838709677,0.00237627304659,0.0194149954318,0.435404284607,0.369119957096,0.000964099143855,0.0843895414784,-0.126097192859,-0.0773510017346,-0.297973527043,0.779051612903,0.0164416415967,0.0708,0.0134,0.454454931899,TRY,ETH,0.08,0.2,2
adaptive_75,joint_grid,buffered,5000,0.3676,0.220948387097,0.220948387097,0.220948387097,0.220948387097,0,0,0,0.0148344085519,0.15457157292,0.144402159738,0.000535440760581,0.0679723777981,-0.122168276711,-0.0773510017346,-0.280191473056,0.779051612903,0.0111843953839,0.0628,0,0.431753868433,TRY,ETH,0.08,0.4,0
adaptive_75,joint_grid,buffered,5000,0.3676,0.220948387097,0.220948387097,0.220948387097,0.214103225806,0.00684516129032,6.45161290323e-05,6.62008442163e-05,0.0251566234396,0.352378280909,0.316392840297,0.000968486067513,0.111933506495,-0.12070734502,-0.0773510017346,-0.273579378215,0.779051612903,0.0111977562577,0.1072,0.0108,0.433366575211,TRY,ETH,0.08,0.4,1
adaptive_75,joint_grid,buffered,5000,0.3676,0.220948387097,0.220948387097,0.220948387097,0.205922580645,0.0150258064516,0.00234838709677,0.00237627304659,0.0250876865947,0.475400065959,0.403597232438,0.00113102511247,0.109046555067,-0.136364314587,-0.0773510017346,-0.344441943777,0.779051612903,0.0141396110446,0.0876,0.022,0.446480210184,TRY,ETH,0.08,0.4,2
adaptive_75,joint_grid,buffered,5000,0.3676,0.220948387097,0.220948387097,0.220948387097,0.220948387097,0,0,0,0.0030455780799,0.0458903402424,0.0360731570381,0.000129211709392,0.0139550682547,-0.117914829339,-0.0773510017346,-0.260940608963,0.779051612903,0.0200924082898,0,0,0.452450711811,TRY,ETH,0.15,0,0
adaptive_75,joint_grid,buffered,5000,0.3676,0.220948387097,0.220948387097,0.220948387097,0.214103225806,0.00684516129032,6.45161290323e-05,6.62008442163e-05,0.0112873759278,0.248974592295,0.212124832976,0.000532567405509,0.0502227800865,-0.11393771674,-0.0773510017346,-0.242940420541,0.779051612903,0.0159398138623,0.0322,0.0028,0.451977880328,TRY,ETH,0.15,0,1
adaptive_75,joint_grid,buffered,5000,0.3676,0.220948387097,0.220948387097,0.220948387097,0.205922580645,0.0150258064516,0.00234838709677,0.00237627304659,0.0143794714773,0.383802809249,0.309491732853,0.000778130636735,0.0625020494559,-0.123616354746,-0.0773510017346,-0.286745392973,0.779051612903,0.0186399269287,0.0506,0.0082,0.461688741185,TRY,ETH,0.15,0,2
adaptive_75,joint_grid,buffered,5000,0.3676,0.220948387097,0.220948387097,0.220948387097,0.220948387097,0,0,0,0.0139663904957,0.152084965882,0.144402159738,0.000519050250917,0.0639950536569,-0.124998191913,-0.0773510017346,-0.292999510439,0.779051612903,0.0113217022381,0.0638,0,0.432759193343,TRY,ETH,0.15,0.2,0
adaptive_75,joint_grid,buffered,5000,0.3676,0.220948387097,0.220948387097,0.220948387097,0.214103225806,0.00684516129032,6.45161290323e-05,6.62008442163e-05,0.0245428631016,0.350149022535,0.303955964532,0.000953397501689,0.109202601572,-0.123075489196,-0.0773510017346,-0.28429746585,0.779051612903,0.01085495237,0.1014,0.0092,0.433637531662,TRY,ETH,0.15,0.2,1
adaptive_75,joint_grid,buffered,5000,0.3676,0.220948387097,0.220948387097,0.220948387097,0.205922580645,0.0150258064516,0.00234838709677,0.00237627304659,0.0248087643867,0.473026400983,0.408018510871,0.00112247935624,0.107834187167,-0.139037172403,-0.0773510017346,-0.356539148246,0.779051612903,0.0142257185484,0.0854,0.0222,0.446845239896,TRY,ETH,0.15,0.2,2
adaptive_75,joint_grid,buffered,5000,0.3676,0.220948387097,0.220948387097,0.220948387097,0.220948387097,0,0,0,0.0164842237071,0.15774549201,0.144402159738,0.000555269276602,0.0755319551574,-0.126795356798,-0.0773510017346,-0.30113337785,0.779051612903,0.00700380184366,0.073,0,0.425923459738,TRY,ETH,0.15,0.4,0
adaptive_75,joint_grid,buffered,5000,0.3676,0.220948387097,0.220948387097,0.220948387097,0.214103225806,0.00684516129032,6.45161290323e-05,6.62008442163e-05,0.0277426460573,0.366628625174,0.330199385835,0.00101875237211,0.123439922694,-0.127709081379,-0.0773510017346,-0.305268844026,0.779051612903,0.00938614265275,0.1152,0.012,0.428968938989,TRY,ETH,0.15,0.4,1
adaptive_75,joint_grid,buffered,5000,0.3676,0.220948387097,0.220948387097,0.220948387097,0.205922580645,0.0150258064516,0.00234838709677,0.00237627304659,0.0271954954248,0.486022429045,0.411694458667,0.00117973446597,0.118208391922,-0.145830457097,-0.0773510017346,-0.387285173522,0.779051612903,0.0130602840464,0.0936,0.0224,0.443293074356,TRY,ETH,0.15,0.4,2
