rate_rule,mechanism,distribution,paths,probability_any_liquidation,expected_liquidated_exposure_share,position_liquidation_probability,breach_exposure_share,executed_by_month12_share,pending_at_month12_share,terminal_undercollateralized_share,terminal_undercollateralized_debt_ratio,mean_bad_debt_ratio,bad_debt_cvar_99,bad_debt_var_99,mc_se_bad_debt,bad_debt_per_liquidated_debt,financing_effect_all,financing_effect_survivors,financing_effect_liquidated,survivor_exposure_share,mean_penalty_ratio,reserve_breach_10pct,accounting_capital_deficit_probability,mean_final_accounting_equity_ratio,currency,collateral
static_20,timely,base,20000,0.5333,0.336432170589,0.336432170589,0.336432170589,0.336432170589,0,0,0,0.0163707020055,0.148968235865,0.143591216233,0.000250343429078,0.0513525347619,0.0564277079634,0.193966324448,-0.214848968821,0.663567829411,0.0149640737103,0.07105,0.0262,0.210728148547,ARS,ETH
static_20,delay_only,base,20000,0.5333,0.336432170589,0.336432170589,0.336432170589,0.332296837307,0.00413533328196,8.89999948e-05,7.0039765841e-05,0.0328639732371,0.344130273843,0.341705696447,0.000520634246639,0.104769282376,0.0856783128084,0.193966324448,-0.127905425956,0.663567829411,0.0119517611927,0.11385,0.06175,0.195837287091,ARS,ETH
static_20,haircut_only,base,20000,0.5333,0.336432170589,0.336432170589,0.336432170589,0.336432170589,0,0,0,0.025744653279,0.178567403504,0.166432052992,0.000328354473199,0.0807572700303,0.0510031530899,0.193966324448,-0.230972738626,0.663567829411,0.00810628614711,0.0807,0.0518,0.19449640971,ARS,ETH
static_20,delayed_stress,base,20000,0.5333,0.336432170589,0.336432170589,0.336432170589,0.332296837307,0.00413533328196,8.89999948e-05,7.0039765841e-05,0.0434714351497,0.374124342888,0.371826281764,0.000618453638249,0.138585527429,0.0780324499501,0.193966324448,-0.150631739093,0.663567829411,0.00920219379745,0.1813,0.12545,0.182480257783,ARS,ETH
adaptive_75,timely,base,20000,0.60305,0.414122002014,0.414122002014,0.414122002014,0.414122002014,0,0,0,0.0200278190552,0.191820082157,0.172266684409,0.000284775369451,0.0481014535891,-0.151209598907,-0.0536730743248,-0.289199136954,0.585877997986,0.0217147500059,0.08055,0.0262,0.381113289562,ARS,ETH
adaptive_75,delay_only,base,20000,0.60305,0.414122002014,0.414122002014,0.414122002014,0.406664335491,0.00745766652231,0.000280000002667,0.000295565718965,0.0463171762061,0.396563037242,0.371205901445,0.000655482662749,0.110596334316,-0.118326517058,-0.0536730743248,-0.20979480275,0.585877997986,0.0178730827745,0.17435,0.0604,0.365425944608,ARS,ETH
adaptive_75,haircut_only,base,20000,0.60305,0.414122002014,0.414122002014,0.414122002014,0.414122002014,0,0,0,0.0319433622736,0.22569608207,0.210121388305,0.000370176155598,0.0767193948401,-0.160553941886,-0.0536730743248,-0.311763364244,0.585877997986,0.0133470432632,0.1046,0.05,0.360830039601,ARS,ETH
adaptive_75,delayed_stress,base,20000,0.60305,0.414122002014,0.414122002014,0.414122002014,0.406664335491,0.00745766652231,0.000280000002667,0.000295565718965,0.059871761272,0.42865069992,0.401326486762,0.000763570283643,0.142962025497,-0.129341845347,-0.0536730743248,-0.23639403736,0.585877997986,0.0134294245341,0.2307,0.1222,0.347427701302,ARS,ETH
indexed_100,timely,base,20000,0.6191,0.439649834707,0.439649834707,0.439649834707,0.439649834707,0,0,0,0.0218391491774,0.214716164368,0.184206309498,0.000304143028559,0.0481584535222,-0.214824923214,-0.130179480365,-0.322708707415,0.560350165293,0.024172970661,0.08885,0.0262,0.430749348955,ARS,ETH
indexed_100,delay_only,base,20000,0.6191,0.439649834707,0.439649834707,0.439649834707,0.43119683475,0.00845299995627,0.000292500007667,0.000335796708178,0.0516445607883,0.442175842695,0.379669182955,0.000712811254392,0.112358850054,-0.181781046695,-0.130179480365,-0.247549173827,0.560350165293,0.0199435626876,0.18575,0.06205,0.415646976505,ARS,ETH
indexed_100,haircut_only,base,20000,0.6191,0.439649834707,0.439649834707,0.439649834707,0.439649834707,0,0,0,0.034599247889,0.250220187383,0.221399662141,0.000392797025201,0.0762962997244,-0.225498979477,-0.130179480365,-0.346987247791,0.560350165293,0.0152665278902,0.1187,0.05,0.409082807473,ARS,ETH
indexed_100,delayed_stress,base,20000,0.6191,0.439649834707,0.439649834707,0.439649834707,0.43119683475,0.00845299995627,0.000292500007667,0.000335796708178,0.0662630716026,0.479573017218,0.429576751284,0.000821793449971,0.144163149278,-0.193673301911,-0.130179480365,-0.274598553304,0.560350165293,0.0146285047824,0.24465,0.122,0.395713407785,ARS,ETH
smooth_12,timely,base,20000,0.57795,0.392616835518,0.392616835518,0.392616835518,0.392616835518,0,0,0,0.0192569843654,0.179486190308,0.163227431645,0.000276579967013,0.0496532031037,-0.112188516992,-0.0132578972247,-0.265235425484,0.607383164482,0.0192197669912,0.0793,0.0262,0.353049409709,ARS,ETH
smooth_12,delay_only,base,20000,0.57795,0.392616835518,0.392616835518,0.392616835518,0.385558502242,0.00705833327556,0.000293166654244,0.000288393881957,0.0436114199058,0.378354527079,0.371205901445,0.000629159167335,0.112103895244,-0.0805455157163,-0.0132578972247,-0.184640304713,0.607383164482,0.0156681793733,0.1658,0.0605,0.337637691133,ARS,ETH
smooth_12,haircut_only,base,20000,0.57795,0.392616835518,0.392616835518,0.392616835518,0.392616835518,0,0,0,0.0307833504504,0.212118197038,0.201209445665,0.000360921368771,0.0793733807497,-0.12007514947,-0.0132578972247,-0.285322777235,0.607383164482,0.0113585913116,0.09815,0.05,0.333661867944,ARS,ETH
smooth_12,delayed_stress,base,20000,0.57795,0.392616835518,0.392616835518,0.392616835518,0.385558502242,0.00705833327556,0.000293166654244,0.000288393881957,0.0566555995627,0.409714511607,0.401326486762,0.000736065280554,0.145634180499,-0.090635127039,-0.0132578972247,-0.210338671187,0.607383164482,0.0121635853404,0.22075,0.12075,0.321088917443,ARS,ETH
partial_adjust,timely,base,20000,0.55315,0.361158336676,0.361158336676,0.361158336676,0.361158336676,0,0,0,0.0179800697434,0.162092538101,0.147494947919,0.000264445155571,0.0517748633765,-0.0395679692348,0.0683595177223,-0.23047751855,0.638841663324,0.0166663761338,0.0766,0.0262,0.296642925013,ARS,ETH
partial_adjust,delay_only,base,20000,0.55315,0.361158336676,0.361158336676,0.361158336676,0.354782003436,0.00637633323982,0.000237666648311,0.000212302648224,0.0368849225917,0.351419985148,0.346141790016,0.000554983072783,0.107043827982,-0.010185742696,0.0683595177223,-0.149121992303,0.638841663324,0.0133888135749,0.1268,0.0616,0.2821170347,ARS,ETH
partial_adjust,haircut_only,base,20000,0.55315,0.361158336676,0.361158336676,0.361158336676,0.361158336676,0,0,0,0.028169060116,0.194688299907,0.184574864903,0.000345397210615,0.0811147709525,-0.0459041393293,0.0683595177223,-0.248021541354,0.638841663324,0.00935011938703,0.08855,0.0511,0.279137677894,ARS,ETH
partial_adjust,delayed_stress,base,20000,0.55315,0.361158336676,0.361158336676,0.361158336676,0.354782003436,0.00637633323982,0.000237666648311,0.000212302648224,0.0485242469162,0.381923073503,0.376262375334,0.000657142852329,0.140822340807,-0.0187284519308,0.0683595177223,-0.172775632181,0.638841663324,0.0103423056661,0.20205,0.1247,0.267431202467,ARS,ETH
lower_cap,timely,base,20000,0.5771,0.390506335616,0.390506335616,0.390506335616,0.390506335616,0,0,0,0.0191249021855,0.179611597163,0.162056565293,0.000275601486359,0.0496831461222,-0.104130552381,-0.002614743452,-0.262574185003,0.609493664384,0.019011618514,0.0793,0.0262,0.345875184048,ARS,ETH
lower_cap,delay_only,base,20000,0.5771,0.390506335616,0.390506335616,0.390506335616,0.383667669008,0.00683866660818,0.000293666647511,0.000286747446422,0.0433698527286,0.377343561362,0.371205901445,0.000628006352864,0.112390629553,-0.0723580146567,-0.002614743452,-0.181211772088,0.609493664384,0.0154971471163,0.1635,0.0606,0.330315348031,ARS,ETH
lower_cap,haircut_only,base,20000,0.5771,0.390506335616,0.390506335616,0.390506335616,0.390506335616,0,0,0,0.0305842251584,0.211931359263,0.200486075754,0.000359585048468,0.0794524600882,-0.111926821993,-0.002614743452,-0.282538700048,0.609493664384,0.0112214499224,0.0979,0.05,0.326625692483,ARS,ETH
lower_cap,delayed_stress,base,20000,0.5771,0.390506335616,0.390506335616,0.390506335616,0.383667669008,0.00683866660818,0.000293666647511,0.000286747446422,0.0563035196256,0.408559390481,0.401326486762,0.000734523380366,0.145907528355,-0.0823827238345,-0.002614743452,-0.206882825958,0.609493664384,0.0120543921859,0.21935,0.1209,0.313938926203,ARS,ETH
static_20,timely,base,20000,0.6441,0.423046503234,0.423046503234,0.423046503234,0.423046503234,0,0,0,0.0032338256901,0.0512578213653,0.0456681148083,6.54533274606e-05,0.0080556044458,0.00620900121911,0.202096487542,-0.260943591564,0.576953496766,0.0330387289659,0,0,0.234541256753,ARS,BTC
static_20,delay_only,base,20000,0.6441,0.423046503234,0.423046503234,0.423046503234,0.41549767009,0.00754883314349,0,0,0.0184580977711,0.162685196992,0.143598846918,0.000253734357521,0.0466103089848,0.045204351718,0.202096487542,-0.168766135419,0.576953496766,0.020632441405,0.07335,0.00365,0.212744327712,ARS,BTC
static_20,haircut_only,base,20000,0.6441,0.423046503234,0.423046503234,0.423046503234,0.423046503234,0,0,0,0.01259976777,0.0872536790373,0.0801679578092,0.000150117586986,0.0313865851132,-0.00418704777748,0.202096487542,-0.285517837934,0.576953496766,0.0160537618097,0.00175,0,0.208190347517,ARS,BTC
static_20,delayed_stress,base,20000,0.6441,0.423046503234,0.423046503234,0.423046503234,0.41549767009,0.00754883314349,0,0,0.0355249816028,0.226832559923,0.202457917047,0.000413711750304,0.0897075305224,0.0342649740942,0.202096487542,-0.194624705435,0.576953496766,0.0139553846964,0.13945,0.0907,0.189000387171,ARS,BTC
adaptive_75,timely,base,20000,0.71225,0.522514000581,0.522514000581,0.522514000581,0.522514000581,0,0,0,0.00494172730077,0.0768271390913,0.0601084740975,8.92995025869e-05,0.00936665425671,-0.201262908399,-0.0542522828603,-0.335604792794,0.477485999419,0.0430207805257,0.0017,0,0.394842361868,ARS,BTC
adaptive_75,delay_only,base,20000,0.71225,0.522514000581,0.522514000581,0.522514000581,0.511536833998,0.010977166583,0,0,0.0296663052129,0.237632958569,0.203275299852,0.000371922550376,0.0558855585393,-0.158960567862,-0.0542522828603,-0.254645544831,0.477485999419,0.0287058159615,0.117,0.00225,0.373125755547,ARS,BTC
adaptive_75,haircut_only,base,20000,0.71225,0.522514000581,0.522514000581,0.522514000581,0.522514000581,0,0,0,0.0175461074934,0.122428970927,0.103269615013,0.000185606026683,0.0332572625802,-0.216428452899,-0.0542522828603,-0.36462898063,0.477485999419,0.022787094039,0.01165,0,0.362004295188,ARS,BTC
adaptive_75,delayed_stress,base,20000,0.71225,0.522514000581,0.522514000581,0.522514000581,0.511536833998,0.010977166583,0,0,0.0513076626039,0.291188339792,0.268477556473,0.000538226347996,0.0966536736336,-0.17453416267,-0.0542522828603,-0.284450669268,0.477485999419,0.0199712480584,0.19245,0.0853,0.342749830253,ARS,BTC
indexed_100,timely,base,20000,0.73775,0.551271166917,0.551271166917,0.551271166917,0.551271166917,0,0,0,0.00569944809123,0.0885507166341,0.0663523858122,0.000100486568614,0.0099938983913,-0.262184993034,-0.13377704633,-0.366707688109,0.448728833083,0.0463130124398,0.0019,0,0.440399827062,ARS,BTC
indexed_100,delay_only,base,20000,0.73775,0.551271166917,0.551271166917,0.551271166917,0.538865333788,0.0124058331292,0,0,0.0338147560937,0.276829526225,0.232660281959,0.000416772575001,0.0585182265065,-0.220041967952,-0.13377704633,-0.290260691402,0.448728833083,0.0312604877748,0.13155,0.0023,0.419724499042,ARS,BTC
indexed_100,haircut_only,base,20000,0.73775,0.551271166917,0.551271166917,0.551271166917,0.551271166917,0,0,0,0.0193282660595,0.134763513575,0.115394564591,0.000201085400168,0.0338918302241,-0.278490130952,-0.13377704633,-0.396285033881,0.448728833083,0.0245094856917,0.0196,0,0.404967482345,ARS,BTC
indexed_100,delayed_stress,base,20000,0.73775,0.551271166917,0.551271166917,0.551271166917,0.538865333788,0.0124058331292,0,0,0.0571138041749,0.332829682369,0.29711429568,0.000583627341601,0.0988384633057,-0.236653760596,-0.13377704633,-0.320394305566,0.448728833083,0.0214620736952,0.21585,0.08565,0.386627036881,ARS,BTC
smooth_12,timely,base,20000,0.69725,0.500031501196,0.500031501196,0.500031501196,0.500031501196,0,0,0,0.00477711050997,0.0698561113664,0.0539797307486,8.43705726119e-05,0.00961449211042,-0.16341879208,-0.0124106941474,-0.314407863469,0.499968498804,0.0395456085241,0.00035,0,0.368346332486,ARS,BTC
smooth_12,delay_only,base,20000,0.69725,0.500031501196,0.500031501196,0.500031501196,0.488939834691,0.0110916665044,0,0,0.0284463980417,0.221554827933,0.202125671919,0.000359587928114,0.0570147112215,-0.121920282908,-0.0124106941474,-0.231416073805,0.499968498804,0.0261168854395,0.11105,0.00225,0.346636882687,ARS,BTC
smooth_12,haircut_only,base,20000,0.69725,0.500031501196,0.500031501196,0.500031501196,0.500031501196,0,0,0,0.0171267825582,0.111719491414,0.0977251008972,0.000178961040547,0.0344696475912,-0.177303840381,-0.0124106941474,-0.342176210599,0.499968498804,0.0207862576479,0.0077,0,0.337237309561,ARS,BTC
smooth_12,delayed_stress,base,20000,0.69725,0.500031501196,0.500031501196,0.500031501196,0.488939834691,0.0110916665044,0,0,0.0492384042404,0.274703899197,0.26241246535,0.000524494116278,0.0986878336814,-0.136169996542,-0.0124106941474,-0.259913705655,0.499968498804,0.0182095523178,0.1884,0.0853,0.317937543367,ARS,BTC
partial_adjust,timely,base,20000,0.6679,0.460265002181,0.460265002181,0.460265002181,0.460265002181,0,0,0,0.00375718271473,0.0575538188973,0.0456681148083,7.2680700867e-05,0.00845556996675,-0.0899486677417,0.0725249753032,-0.280475236042,0.539734997819,0.0360825601531,0,0,0.315439897473,ARS,BTC
partial_adjust,delay_only,base,20000,0.6679,0.460265002181,0.460265002181,0.460265002181,0.450060668989,0.0102043331928,0,0,0.0225787549764,0.181637923569,0.164262773865,0.000291565322429,0.0510845205928,-0.0492874260089,0.0725249753032,-0.192132126008,0.539734997819,0.0228631215481,0.09045,0.0023,0.293198889305,ARS,BTC
partial_adjust,haircut_only,base,20000,0.6679,0.460265002181,0.460265002181,0.460265002181,0.460265002181,0,0,0,0.0143860959383,0.0969794255435,0.0817073079704,0.000159428720177,0.0323760248012,-0.101720898445,0.0725249753032,-0.30605230718,0.539734997819,0.0179404042622,0.0027,0,0.286668828359,ARS,BTC
partial_adjust,delayed_stress,base,20000,0.6679,0.460265002181,0.460265002181,0.460265002181,0.450060668989,0.0102043331928,0,0,0.0415498358298,0.239559789967,0.224920403466,0.000454732204164,0.0940066645079,-0.0617000000238,0.0725249753032,-0.219100446336,0.539734997819,0.0158103176174,0.1702,0.08795,0.267175004521,ARS,BTC
lower_cap,timely,base,20000,0.6949,0.496955501313,0.496955501313,0.496955501313,0.496955501313,0,0,0,0.00463716563464,0.0674502151756,0.0517024729897,8.22143192686e-05,0.00941532043123,-0.154960758683,-0.000370257143941,-0.311445395926,0.503044498687,0.0392936704847,0.00025,0,0.36116983762,ARS,BTC
lower_cap,delay_only,base,20000,0.6949,0.496955501313,0.496955501313,0.496955501313,0.486410168095,0.0105453332173,0,0,0.0278159244328,0.21461757474,0.197236380763,0.000353274101025,0.056317832191,-0.113441636494,-0.000370257143941,-0.227898434317,0.503044498687,0.0259997838833,0.1077,0.00225,0.339356793539,ARS,BTC
lower_cap,haircut_only,base,20000,0.6949,0.496955501313,0.496955501313,0.496955501313,0.496955501313,0,0,0,0.0168332987507,0.108301688244,0.0962334589666,0.00017609503671,0.0341783999409,-0.16867196742,-0.000370257143941,-0.339035811367,0.503044498687,0.0205619166002,0.00525,0,0.330241950619,ARS,BTC
lower_cap,delayed_stress,base,20000,0.6949,0.496955501313,0.496955501313,0.496955501313,0.486410168095,0.0105453332173,0,0,0.0483577444816,0.26863927777,0.257645282692,0.000518083879341,0.0979080650521,-0.127619494138,-0.000370257143941,-0.256427865236,0.503044498687,0.0181285783435,0.18475,0.0853,0.310943767951,ARS,BTC
static_20,timely,base,20000,0.55315,0.344761668212,0.344761668212,0.344761668212,0.344761668212,0,0,0,0.0107184340691,0.115192046069,0.103361909655,0.000183237668472,0.0331586048975,0.0243851927844,0.151169595901,-0.216575472089,0.655238331788,0.021338058978,0.0338,0,0.2261881809,TRY,ETH
static_20,delay_only,base,20000,0.55315,0.344761668212,0.344761668212,0.344761668212,0.340647834954,0.00411383325816,0,0,0.0250418396305,0.274999867148,0.26968117159,0.000427705310248,0.0787103328841,0.0511720207201,0.151169595901,-0.138878818413,0.655238331788,0.0180337613251,0.10185,0.0566,0.213299879443,TRY,ETH
static_20,haircut_only,base,20000,0.55315,0.344761668212,0.344761668212,0.344761668212,0.344761668212,0,0,0,0.0182718997493,0.14913852844,0.135872787866,0.000259979265181,0.0565260466789,0.0133030225938,0.151169595901,-0.248719910443,0.655238331788,0.0153747857163,0.0671,0.02385,0.212671441958,TRY,ETH
static_20,delayed_stress,base,20000,0.55315,0.344761668212,0.344761668212,0.344761668212,0.340647834954,0.00411383325816,0,0,0.0339916040865,0.315651101755,0.308452799665,0.000528334561807,0.106840811713,0.0405468758411,0.151169595901,-0.169697629954,0.655238331788,0.0135215612565,0.16705,0.08895,0.199837914918,TRY,ETH
adaptive_75,timely,base,20000,0.6277,0.42107850405,0.42107850405,0.42107850405,0.42107850405,0,0,0,0.0146209865341,0.158075892427,0.138659024617,0.000222663011273,0.0352165356885,-0.163303701727,-0.0802806423515,-0.277448292985,0.57892149595,0.025745743635,0.05145,0,0.378800180777,TRY,ETH
adaptive_75,delay_only,base,20000,0.6277,0.42107850405,0.42107850405,0.42107850405,0.413007670786,0.00807083326389,8.56666619111e-05,8.59889147867e-05,0.0422432769966,0.343633095859,0.328603207085,0.000590642347415,0.0995592692811,-0.136225470374,-0.0802806423515,-0.213141444992,0.57892149595,0.0208636443296,0.16405,0.0575,0.366669770129,TRY,ETH
adaptive_75,haircut_only,base,20000,0.6277,0.42107850405,0.42107850405,0.42107850405,0.42107850405,0,0,0,0.0255139448081,0.192859172266,0.17191408961,0.000306835394645,0.0614536335008,-0.175095909467,-0.0802806423515,-0.305453065554,0.57892149595,0.0168147482818,0.08825,0.02385,0.35897622715,TRY,ETH
adaptive_75,delayed_stress,base,20000,0.6277,0.42107850405,0.42107850405,0.42107850405,0.413007670786,0.00807083326389,8.56666619111e-05,8.59889147867e-05,0.055900791165,0.380573806737,0.36737483517,0.000707091760628,0.131747400209,-0.148720004794,-0.0802806423515,-0.242814140938,0.57892149595,0.0157147113428,0.2413,0.0887,0.347863322974,TRY,ETH
indexed_100,timely,base,20000,0.646,0.448744336674,0.448744336674,0.448744336674,0.448744336674,0,0,0,0.0173417511482,0.176879137247,0.148419947551,0.000243123098971,0.0380512179692,-0.223555463486,-0.151935420124,-0.311536416746,0.551255663326,0.0273035234075,0.05805,0,0.42483980643,TRY,ETH
indexed_100,delay_only,base,20000,0.646,0.448744336674,0.448744336674,0.448744336674,0.438990670208,0.00975366646618,0.000145000000667,0.000166122362934,0.0515640972167,0.397151892393,0.347056947299,0.000683683793382,0.109041190049,-0.198484025569,-0.151935420124,-0.255666212117,0.551255663326,0.0224609605903,0.18205,0.05755,0.414586609125,TRY,ETH
indexed_100,haircut_only,base,20000,0.646,0.448744336674,0.448744336674,0.448744336674,0.448744336674,0,0,0,0.0293150277861,0.215369893116,0.18242273965,0.0003334502106,0.0643229453896,-0.236122674907,-0.151935420124,-0.339541698138,0.551255663326,0.0179529143633,0.09885,0.02385,0.403515920748,TRY,ETH
indexed_100,delayed_stress,base,20000,0.646,0.448744336674,0.448744336674,0.448744336674,0.438990670208,0.00975366646618,0.000145000000667,0.000166122362934,0.0664479169842,0.442107963525,0.390113764571,0.000802394001977,0.140515597777,-0.211778939584,-0.151935420124,-0.285293135352,0.551255663326,0.0168551608098,0.2625,0.08885,0.394096989577,TRY,ETH
smooth_12,timely,base,20000,0.59665,0.384731670659,0.384731670659,0.384731670659,0.384731670659,0,0,0,0.0124264273475,0.132748840674,0.119284092798,0.000201583375781,0.0336475118197,-0.081475047541,0.0214952298538,-0.246146571556,0.615268329341,0.0242625260511,0.0431,0,0.314378566849,TRY,ETH
smooth_12,delay_only,base,20000,0.59665,0.384731670659,0.384731670659,0.384731670659,0.378509337385,0.00622233327369,4.36666641778e-05,3.82750127872e-05,0.0321354534132,0.3133504174,0.30256744791,0.000505915819813,0.086719287086,-0.0543272854777,0.0214952298538,-0.175583724425,0.615268329341,0.0194941433943,0.11895,0.0574,0.30178066549,TRY,ETH
smooth_12,haircut_only,base,20000,0.59665,0.384731670659,0.384731670659,0.384731670659,0.384731670659,0,0,0,0.0213230485519,0.167470576505,0.157374686401,0.000281725350907,0.0577372327635,-0.0929282816689,0.0214952298538,-0.275915979696,0.615268329341,0.016214403025,0.07825,0.02385,0.297433822619,TRY,ETH
smooth_12,delayed_stress,base,20000,0.59665,0.384731670659,0.384731670659,0.384731670659,0.378509337385,0.00622233327369,4.36666641778e-05,3.82750127872e-05,0.0433916839389,0.351302478545,0.341339075996,0.000611362804997,0.117094843762,-0.0659048733058,0.0214952298538,-0.205676354461,0.615268329341,0.0143338883901,0.19225,0.08885,0.28536417996,TRY,ETH
partial_adjust,timely,base,20000,0.56485,0.361338167802,0.361338167802,0.361338167802,0.361338167802,0,0,0,0.0113538505982,0.122449350066,0.111195136827,0.00019099242742,0.0332887811367,-0.0270404351721,0.0847925121584,-0.224704123669,0.638661832198,0.0227371438595,0.03825,0,0.271281863931,TRY,ETH
partial_adjust,delay_only,base,20000,0.56485,0.361338167802,0.361338167802,0.361338167802,0.355979167876,0.00535899992547,1.94999974e-05,1.51570364274e-05,0.0271395982264,0.282975197661,0.27421664852,0.000447692027835,0.0803535978924,-0.000261704832672,0.0847925121584,-0.150594237901,0.638661832198,0.0189768249744,0.11005,0.05705,0.258619181278,TRY,ETH
partial_adjust,haircut_only,base,20000,0.56485,0.361338167802,0.361338167802,0.361338167802,0.361338167802,0,0,0,0.0192757540714,0.158168107552,0.146121694084,0.000268658559868,0.0565153075584,-0.0385686880053,0.0847925121584,-0.256608455567,0.638661832198,0.0160985450473,0.0729,0.02385,0.256721361645,TRY,ETH
partial_adjust,delayed_stress,base,20000,0.56485,0.361338167802,0.361338167802,0.361338167802,0.355979167876,0.00535899992547,1.94999974e-05,1.51570364274e-05,0.0367548302623,0.323189457227,0.312988276605,0.000550244691818,0.108821907637,-0.011527315283,0.0847925121584,-0.181771709461,0.638661832198,0.01418978427,0.1751,0.08795,0.244216908538,TRY,ETH
lower_cap,timely,base,20000,0.5949,0.382441337364,0.382441337364,0.382441337364,0.382441337364,0,0,0,0.0123546935003,0.132941855894,0.123816069171,0.000201164087496,0.0336971157762,-0.0745604763892,0.0305808045311,-0.244340524959,0.617558662636,0.0240245959979,0.04305,0,0.308291402183,TRY,ETH
lower_cap,delay_only,base,20000,0.5949,0.382441337364,0.382441337364,0.382441337364,0.376491004068,0.00595033329662,3.58333385556e-05,3.25248550411e-05,0.0320112729105,0.312450004502,0.30256744791,0.000504408957764,0.0870183807877,-0.0474473866201,0.0305808045311,-0.173445757265,0.617558662636,0.0192587267348,0.1186,0.05735,0.295686633226,TRY,ETH
lower_cap,haircut_only,base,20000,0.5949,0.382441337364,0.382441337364,0.382441337364,0.382441337364,0,0,0,0.0212268296465,0.167717950331,0.157304640434,0.000281024656704,0.0578956439628,-0.0859233515427,0.0305808045311,-0.274051944838,0.617558662636,0.0160681378435,0.07725,0.02385,0.291462807882,TRY,ETH
lower_cap,delayed_stress,base,20000,0.5949,0.382441337364,0.382441337364,0.382441337364,0.376491004068,0.00595033329662,3.58333385556e-05,3.25248550411e-05,0.043242905212,0.350448398839,0.341339075996,0.000610093866972,0.117550076894,-0.0589352109746,0.0305808045311,-0.203483891829,0.617558662636,0.0141933523628,0.19335,0.08955,0.279389626552,TRY,ETH
static_20,timely,base,20000,0.6903,0.416989338131,0.416989338131,0.416989338131,0.416989338131,0,0,0,0.00206536418341,0.0375077715265,0.0337045544386,4.99381739018e-05,0.00532430243733,-0.0106845978273,0.152235222227,-0.238469779451,0.583010661869,0.0376638382863,0,0,0.245323190642,TRY,BTC
static_20,delay_only,base,20000,0.6903,0.416989338131,0.416989338131,0.416989338131,0.409609504929,0.00737983320269,0,0,0.00999178041914,0.131553912363,0.0991858250339,0.000173249334366,0.0261836983714,0.0163053609123,0.152235222227,-0.173744002863,0.583010661869,0.0280378962997,0.00985,0.00155,0.233377637855,TRY,BTC
static_20,haircut_only,base,20000,0.6903,0.416989338131,0.416989338131,0.416989338131,0.416989338131,0,0,0,0.00807255990002,0.0733599087639,0.0691287581202,0.000123519554468,0.020810252592,-0.0264274143067,0.152235222227,-0.276223302239,0.583010661869,0.0229273806086,0.0006,0,0.224579537248,TRY,BTC
static_20,delayed_stress,base,20000,0.6903,0.416989338131,0.416989338131,0.416989338131,0.409609504929,0.00737983320269,0,0,0.0218842971642,0.191694399431,0.16536929664,0.000312533843293,0.0573483215183,0.000786582000749,0.152235222227,-0.210960251559,0.583010661869,0.0199570459533,0.1035,0.03555,0.213404270764,TRY,BTC
adaptive_75,timely,base,20000,0.7516,0.531014502141,0.531014502141,0.531014502141,0.531014502141,0,0,0,0.00415794181014,0.0763910023492,0.0529045159152,7.96303648568e-05,0.0078926700473,-0.204971984068,-0.080012570975,-0.315334605664,0.468985497859,0.0458936073958,0.0018,0,0.3868745378,TRY,BTC
adaptive_75,delay_only,base,20000,0.7516,0.531014502141,0.531014502141,0.531014502141,0.517707835816,0.0133066663258,0,0,0.0258194478193,0.217280185434,0.193330845525,0.000327433359349,0.0480516382963,-0.176607608779,-0.080012570975,-0.261919161877,0.468985497859,0.0318055544702,0.08515,0,0.375812618568,TRY,BTC
adaptive_75,haircut_only,base,20000,0.7516,0.531014502141,0.531014502141,0.531014502141,0.531014502141,0,0,0,0.0149725567306,0.115011167821,0.0929690693351,0.000166489037808,0.0284211408997,-0.222273895996,-0.080012570975,-0.347917354079,0.468985497859,0.0256851747226,0.00705,0,0.355851490207,TRY,BTC
adaptive_75,delayed_stress,base,20000,0.7516,0.531014502141,0.531014502141,0.531014502141,0.517707835816,0.0133066663258,0,0,0.0462617523139,0.275832841205,0.253074384772,0.000495852131515,0.0860960700902,-0.194293704264,-0.080012570975,-0.295225400056,0.468985497859,0.0225043156742,0.20175,0.03135,0.346069075277,TRY,BTC
indexed_100,timely,base,20000,0.7656,0.562159169152,0.562159169152,0.562159169152,0.562159169152,0,0,0,0.00682493721194,0.107970450054,0.0812171467546,0.000115543825628,0.0118397345313,-0.260893989312,-0.143022945865,-0.352698514485,0.437840830848,0.0460925213,0.00565,0,0.424146287859,TRY,BTC
indexed_100,delay_only,base,20000,0.7656,0.562159169152,0.562159169152,0.562159169152,0.54789900254,0.014260166612,0,0,0.0373826686775,0.309113455941,0.271626640629,0.000451782942794,0.0626617714748,-0.233285113132,-0.143022945865,-0.303586309802,0.437840830848,0.0320498766445,0.14165,0,0.414517897686,TRY,BTC
indexed_100,haircut_only,base,20000,0.7656,0.562159169152,0.562159169152,0.562159169152,0.562159169152,0,0,0,0.020334496208,0.155576050104,0.126113107758,0.000212588101452,0.0352757878135,-0.278051045771,-0.143022945865,-0.38321844087,0.437840830848,0.0255626791302,0.0188,0,0.390106886693,TRY,BTC
indexed_100,delayed_stress,base,20000,0.7656,0.562159169152,0.562159169152,0.562159169152,0.54789900254,0.014260166612,0,0,0.0607473649335,0.363535170642,0.329180101263,0.000617927731753,0.101826264251,-0.250661203398,-0.143022945865,-0.334495865705,0.437840830848,0.0225274830181,0.2802,0.0307,0.381630807804,TRY,BTC
smooth_12,timely,base,20000,0.71985,0.480654336689,0.480654336689,0.480654336689,0.480654336689,0,0,0,0.00284786496324,0.0483918978533,0.0337045544386,6.19577625807e-05,0.00616813712892,-0.118772952251,0.0274753300644,-0.276793811295,0.519345663311,0.0432498918922,0,0,0.325761937258,TRY,BTC
smooth_12,delay_only,base,20000,0.71985,0.480654336689,0.480654336689,0.480654336689,0.470107336816,0.0105469998737,0,0,0.0165253811,0.175827951716,0.146909610846,0.000246410899708,0.0356425893115,-0.0914873330372,0.0274753300644,-0.220026157015,0.519345663311,0.0308389906999,0.03225,0.0009,0.314897025253,TRY,BTC
smooth_12,haircut_only,base,20000,0.71985,0.480654336689,0.480654336689,0.480654336689,0.480654336689,0,0,0,0.010902177107,0.0906603017457,0.081238780623,0.000146512332764,0.0236128202241,-0.135654207317,0.0274753300644,-0.311915215135,0.519345663311,0.0248424347871,0.0026,0,0.299300168009,TRY,BTC
smooth_12,delayed_stress,base,20000,0.71985,0.480654336689,0.480654336689,0.480654336689,0.470107336816,0.0105469998737,0,0,0.0327899336049,0.24116708493,0.208728649901,0.000403969835534,0.0707226132918,-0.108167327213,0.0274753300644,-0.254728838136,0.519345663311,0.0213842077504,0.1423,0.0331,0.289177689798,TRY,BTC
partial_adjust,timely,base,20000,0.70255,0.443525837397,0.443525837397,0.443525837397,0.443525837397,0,0,0,0.00248216750298,0.0413654517629,0.0337045544386,5.71998902686e-05,0.00596694932545,-0.0607014849278,0.0876371384213,-0.246816033957,0.556474162603,0.0399827057313,0,0,0.285867416125,TRY,BTC
partial_adjust,delay_only,base,20000,0.70255,0.443525837397,0.443525837397,0.443525837397,0.433983337522,0.00954249987433,0,0,0.0121225231677,0.151918247932,0.118961210295,0.000199056816426,0.0293952196211,-0.0338912089424,0.0876371384213,-0.186367974961,0.556474162603,0.0295088374848,0.01875,0.00155,0.27466682654,TRY,BTC
partial_adjust,haircut_only,base,20000,0.70255,0.443525837397,0.443525837397,0.443525837397,0.443525837397,0,0,0,0.00909628750299,0.0806700392094,0.0750315898222,0.000134518444784,0.0218668105657,-0.0773054194184,0.0876371384213,-0.284252262223,0.556474162603,0.0242293608507,0.0011,0,0.263499951244,TRY,BTC
partial_adjust,delayed_stress,base,20000,0.70255,0.443525837397,0.443525837397,0.443525837397,0.433983337522,0.00954249987433,0,0,0.0253293929571,0.210232548552,0.182525067928,0.000343457749737,0.0614198099308,-0.0500134884801,0.0876371384213,-0.222718235032,0.556474162603,0.0208344602703,0.12445,0.0347,0.252785579536,TRY,BTC
lower_cap,timely,base,20000,0.71865,0.47779983658,0.47779983658,0.47779983658,0.47779983658,0,0,0,0.00278993794833,0.0482632460356,0.0337045544386,6.14580508459e-05,0.00608362035605,-0.115079349643,0.0321939521234,-0.276038262481,0.52220016342,0.0429730724379,0,0,0.322836049873,TRY,BTC
lower_cap,delay_only,base,20000,0.71865,0.47779983658,0.47779983658,0.47779983658,0.467591003388,0.0102088331922,0,0,0.0163806430087,0.173260166686,0.142634431501,0.000244646029162,0.0355935107516,-0.0876700817264,0.0321939521234,-0.218672675852,0.52220016342,0.0306641744128,0.02995,0.0009,0.311787724464,TRY,BTC
lower_cap,haircut_only,base,20000,0.71865,0.47779983658,0.47779983658,0.47779983658,0.47779983658,0,0,0,0.0107899310026,0.0901446673292,0.081238780623,0.000145305093218,0.0235280658937,-0.131807139746,0.0321939521234,-0.311048299785,0.52220016342,0.0246269051367,0.0027,0,0.296489889518,TRY,BTC
lower_cap,delayed_stress,base,20000,0.71865,0.47779983658,0.47779983658,0.47779983658,0.467591003388,0.0102088331922,0,0,0.0325214728303,0.239545317347,0.207742543348,0.000402231242037,0.0706659312595,-0.104322236293,0.0321939521234,-0.253524413528,0.52220016342,0.0213267589144,0.1407,0.0331,0.286309479144,TRY,BTC
