rate_rule,mechanism,distribution,paths,probability_any_liquidation,expected_liquidated_exposure_share,position_liquidation_probability,breach_exposure_share,executed_by_month12_share,pending_at_month12_share,terminal_undercollateralized_share,terminal_undercollateralized_debt_ratio,mean_bad_debt_ratio,bad_debt_cvar_99,bad_debt_var_99,mc_se_bad_debt,bad_debt_per_liquidated_debt,financing_effect_all,financing_effect_survivors,financing_effect_liquidated,survivor_exposure_share,mean_penalty_ratio,reserve_breach_10pct,accounting_capital_deficit_probability,mean_final_accounting_equity_ratio,currency,collateral,variation,calibration_months
adaptive_75,timely,base,20000,0.60305,0.414122002014,0.414122002014,0.414122002014,0.414122002014,0,0,0,0.0200278190552,0.191820082157,0.172266684409,0.000284775369451,0.0481014535891,-0.151209598907,-0.0536730743248,-0.289199136954,0.585877997986,0.0217147500059,0.08055,0.0262,0.381113289562,ARS,ETH,block_3,
adaptive_75,timely,base,20000,0.61855,0.402397169727,0.402397169727,0.402397169727,0.402397169727,0,0,0,0.0220390018212,0.19012827947,0.174328121463,0.000305305207546,0.0544836123582,-0.143772263134,-0.0480043888519,-0.285997798067,0.597602830273,0.0190847031088,0.0979,0.02865,0.379855974646,ARS,ETH,block_1,
adaptive_75,timely,base,20000,0.61645,0.415868670038,0.415868670038,0.415868670038,0.415868670038,0,0,0,0.0199255549796,0.198437940673,0.181814510173,0.000282513058903,0.0479054499543,-0.147154152559,-0.053410287291,-0.278827280736,0.584131329962,0.0218070315947,0.08015,0.02675,0.36329336275,ARS,ETH,block_6,
adaptive_75,timely,base,20000,0.74685,0.563760001209,0.563760001209,0.563760001209,0.563760001209,0,0,0,0.0247879497717,0.203009660144,0.191944606445,0.000307787667792,0.0434848786298,-0.194345099899,-0.0603566941108,-0.298025924813,0.436239998791,0.0321192130887,0.07585,0.03325,0.368455405104,ARS,ETH,omit_2020,31
adaptive_75,timely,base,20000,0.7132,0.522701001527,0.522701001527,0.522701001527,0.522701001527,0,0,0,0.0300557877388,0.208671003438,0.197744472372,0.000353551770587,0.0572216484277,-0.168602779416,-0.0524908141602,-0.27462921626,0.477298998473,0.0258858095884,0.13775,0.03835,0.399296476125,ARS,ETH,omit_2021,30
adaptive_75,timely,base,20000,0.279,0.117207837276,0.117207837276,0.117207837276,0.117207837276,0,0,0,0.00596125320272,0.117797428233,0.104767409357,0.000157698216497,0.0504068535175,-0.0854400378477,-0.0565465212129,-0.303061748405,0.882792162724,0.00559781707552,0.03925,0,0.427572626274,ARS,ETH,omit_2022,30
adaptive_75,timely,base,20000,0.6008,0.457502832173,0.457502832173,0.457502832173,0.457502832173,0,0,0,0.0217443386723,0.173928577561,0.14731211438,0.000283012450067,0.0476362290998,-0.15337701431,-0.0466304232943,-0.279954860891,0.542497167827,0.0231204844012,0.08935,0.0324,0.32608405882,ARS,ETH,omit_2023,35
adaptive_75,timely,base,20000,0.2787,0.12802400254,0.12802400254,0.12802400254,0.12802400254,0,0,0,0.0068817440318,0.113618489902,0.104767409357,0.000168238211922,0.0536774472601,-0.0825475481666,-0.0522747155741,-0.288736878854,0.87197599746,0.00565215060866,0.04795,0,0.362170593736,ARS,ETH,early_2020_2021,23
adaptive_75,timely,base,20000,0.91725,0.766273666897,0.766273666897,0.766273666897,0.766273666897,0,0,0,0.0409746960117,0.217379407324,0.210371169105,0.00039563358531,0.0527312950325,-0.236065576913,-0.0759995432394,-0.284888404476,0.233726333103,0.0425852707622,0.1545,0.0607,0.39016753919,ARS,ETH,late_2022_2023,19
adaptive_75,timely,base,20000,0.6393,0.421064502608,0.421064502608,0.421064502608,0.421064502608,0,0,0,0.0157784961939,0.260017872262,0.209388225244,0.000300552838381,0.0376283385342,-0.149396222616,-0.0475878828983,-0.289375872831,0.578935497392,0.0286922488644,0.0572,0.02425,0.386437664995,ARS,ETH,iid_gaussian_log_returns,
adaptive_75,timely,base,20000,0.65675,0.481320167431,0.481320167431,0.481320167431,0.481320167431,0,0,0,0.0342588256878,0.303374081478,0.278001460353,0.000481730600499,0.0709823247338,-0.149965673326,-0.0538689743699,-0.253521316946,0.518679832569,0.0243812732781,0.10835,0.0538,0.345430193239,ARS,ETH,legacy_mixed_measurement,
adaptive_75,timely,base,20000,0.6277,0.42107850405,0.42107850405,0.42107850405,0.42107850405,0,0,0,0.0146209865341,0.158075892427,0.138659024617,0.000222663011273,0.0352165356885,-0.163303701727,-0.0802806423515,-0.277448292985,0.57892149595,0.025745743635,0.05145,0,0.378800180777,TRY,ETH,block_3,
adaptive_75,timely,base,20000,0.63475,0.410592169414,0.410592169414,0.410592169414,0.410592169414,0,0,0,0.0171456828515,0.157876829573,0.134692318588,0.00024104256678,0.0418422002567,-0.166976954222,-0.0810579724781,-0.290314232446,0.589407830586,0.0220425964295,0.05845,0,0.397014551365,TRY,ETH,block_1,
adaptive_75,timely,base,20000,0.62065,0.442984668609,0.442984668609,0.442984668609,0.442984668609,0,0,0,0.013745228523,0.151587330248,0.125952714111,0.000203529829642,0.031445236199,-0.168206916454,-0.0800468817377,-0.279060619602,0.557015331391,0.0278461373762,0.04065,0,0.368318548664,TRY,ETH,block_6,
adaptive_75,timely,base,20000,0.76755,0.566199670377,0.566199670377,0.566199670377,0.566199670377,0,0,0,0.0178515107531,0.165012135285,0.14311438729,0.000238389287863,0.0319398517033,-0.178365645282,-0.0458316495853,-0.279908076385,0.433800329623,0.0363906103979,0.07395,0,0.37098244083,TRY,ETH,omit_2020,31
adaptive_75,timely,base,20000,0.7415,0.528617835671,0.528617835671,0.528617835671,0.528617835671,0,0,0,0.0215434497823,0.153244617077,0.139972034053,0.00025887359961,0.0411737779302,-0.174942886003,-0.0634584695776,-0.274356416833,0.471382164329,0.0304165505824,0.0811,0,0.327491452245,TRY,ETH,omit_2021,30
adaptive_75,timely,base,20000,0.27225,0.115338505908,0.115338505908,0.115338505908,0.115338505908,0,0,0,0.00439374627676,0.0941131021093,0.0910780978663,0.000127585062792,0.0383227773779,-0.115206961232,-0.0919319084993,-0.293729673693,0.884661494092,0.00648360713733,0.00125,0,0.446728162366,TRY,ETH,omit_2022,30
adaptive_75,timely,base,20000,0.62985,0.459892502141,0.459892502141,0.459892502141,0.459892502141,0,0,0,0.0169113444636,0.160490608963,0.137634670692,0.000233137663848,0.037367608225,-0.172846872531,-0.0867673567703,-0.273940479533,0.540107497859,0.0258645025427,0.0593,0,0.370076935862,TRY,ETH,omit_2023,35
adaptive_75,timely,base,20000,0.274,0.132782171256,0.132782171256,0.132782171256,0.132782171256,0,0,0,0.00545249776946,0.0957942292867,0.0910780978663,0.000141654025848,0.0413163227841,-0.128002811124,-0.103073092337,-0.290822084169,0.867217828744,0.00695697519743,0.0019,0,0.428633924364,TRY,ETH,early_2020_2021,23
adaptive_75,timely,base,20000,0.93165,0.764208167209,0.764208167209,0.764208167209,0.764208167209,0,0,0,0.0277452110215,0.16012576777,0.14311438729,0.00027295804907,0.0366038836509,-0.223925483794,-0.0517070256443,-0.277062453052,0.235791832791,0.0477871794366,0.12055,0,0.286009366554,TRY,ETH,late_2022_2023,19
adaptive_75,timely,base,20000,0.6602,0.438035669432,0.438035669432,0.438035669432,0.438035669432,0,0,0,0.0162610702057,0.265159778465,0.218388226291,0.000306532076939,0.0366254674721,-0.205011364869,-0.120859458413,-0.312971453687,0.561964330568,0.0308591294165,0.05845,0.02235,0.426976945347,TRY,ETH,iid_gaussian_log_returns,
adaptive_75,timely,base,20000,0.66395,0.484359833499,0.484359833499,0.484359833499,0.484359833499,0,0,0,0.0315901249706,0.25695280867,0.232995841778,0.000426374782767,0.0666539994517,-0.155962677478,-0.0831316561842,-0.233497182507,0.515640166501,0.025280288205,0.1199,0.05135,0.333576762509,TRY,ETH,legacy_mixed_measurement,
